No.,Douyin ID,Name,URL,Status,Checked_At
1,_Caitlin529,ğŸ¨å°ä»˜åŒå­¦,https://live.douyin.com/_Caitlin529,Offline,
2,ahsokwmalk_2619.,ğŸ¥”è±†_è±†_Â²ğŸ’ƒ,ï»¿https://live.douyin.com/ahsokwmalk_2619.,Offline,
3,aimiccc,é‡ç†ç†,https://live.douyin.com/aimiccc,Offline,
4,amas.,é˜¿æ›¼å¦²,https://live.douyin.com/amas.,Offline,
5,amberly1208,å®‰å•µæ —ğŸ¹,https://live.douyin.com/amberly1208,Offline,
6,amq0701,å®‰çªâ°â·â°Â¹,https://live.douyin.com/amq0701,Offline,
8,annellyy,çœŸæ˜¯æˆ´ä¸åŠ¨,https://live.douyin.com/annellyy,Offline,
10,bak0314,ç™½ç™½å‘€,https://live.douyin.com/bak0314,Offline,
11,batm11,å®å®ç‚’é¢,https://live.douyin.com/batm11,Offline,
12,bazhang888,å·´æŒ,https://live.douyin.com/bazhang888,Offline,
13,bbxa88888888,ç™¾å˜å°è‰¾,https://live.douyin.com/bbxa88888888,Offline,
14,bbya223,mini_bbå‘€,https://live.douyin.com/bbya223,Offline,
15,beta56940,æ¢è½®èƒçš„è´å¡”,https://live.douyin.com/beta56940,Offline,
16,b1uesheep,è“ç¾Šç¾Šä¸æ‡’,https://live.douyin.com/b1uesheep,Offline,
17,cancan52086,ç¿ç¿_ğŸŒ‹,https://live.douyin.com/cancan52086,Offline,
18,cccaccc321,è²å¾‹å®¾é“çŒ´å­,https://live.douyin.com/cccaccc321,Offline,
19,ccookieee,å°é™ˆå“ˆå¦®,https://live.douyin.com/ccookieee,Offline,
20,cczplyyy,å‡Œå°é‡(ä¼‘å‡ç‰ˆ),https://live.douyin.com/cczplyyy,Offline,
21,chachayuan,å‡›0ğŸ””(è§‚æœˆè‹ç‰ˆ),https://live.douyin.com/chachayuan,Offline,
22,chaoren.277,ä½ çš„ç¦å“¥(2_4ğŸ‚ğŸ‚),https://live.douyin.com/chaoren.277,Offline,
23,chenlvyin,é˜¿ç»¿èŒµ,https://live.douyin.com/chenlvyin,Offline,
24,chuchu099,Chuchué’¢ç´æ—¶å…‰ğŸ¹,https://live.douyin.com/chuchu099,Offline,
25,chunchunchunchun,çº¯çº¯ğŸ¥›,https://live.douyin.com/chunchunchunchun,Offline,
27,clp20020828,æ¹¾å­,https://live.douyin.com/clp20020828,Offline,
29,cubeZZ,è’¸ç¾Šç¾”å„¿,https://live.douyin.com/cubeZZ,Offline,
30,cuweikele,å•Šå¯¹å¯¹å¯¹å¯é†‹å°±æ˜¯kk,https://live.douyin.com/cuweikele,Offline,
31,cxx2003322,åˆä»€ä¹ˆå¤ğŸ¦‹,https://live.douyin.com/cxx2003322,Offline,
32,cysg6666,æˆ‘å«é˜¿ç‹¸å‘€,https://live.douyin.com/cysg6666,Offline,
34,dbb20051017,å¥¶æ²¹å°è´,https://live.douyin.com/dbb20051017,Offline,
35,dds012,ç³–ç³–èœœç³–,https://live.douyin.com/dds012,Offline,
36,ddxiaomi7,è‹æµ…,https://live.douyin.com/ddxiaomi7,Offline,
37,dengder913,æ¸©æŸ”ä½ é‚“é‚“,https://live.douyin.com/dengder913,Offline,
39,doublexing3366,å—è¯ğŸ’«å¤ç­,https://live.douyin.com/doublexing3366,Offline,
41,dream42191,è–¯ç‰‡ç‰‡ç‰‡ç‰‡ç‰‡,https://live.douyin.com/dream42191,Offline,
42,duoerzcr1314,å°å˜»å˜»âµÂ²â·â·,https://live.douyin.com/duoerzcr1314,Offline,
43,dyazr6e2phcz,å¥½çƒ¦å‘,https://live.douyin.com/dyazr6e2phcz,Offline,
44,dybnqji7zwgdd,å°é’ç´,https://live.douyin.com/dybnqji7zwgdd,Offline,
45,dyfc0usrr4ql,å°å´è§å¤§å´,https://live.douyin.com/dyfc0usrr4ql,Offline,
46,dyfvl6m5l3if,é™é™babe,https://live.douyin.com/dyfvl6m5l3if,Offline,
47,dylj0vbwa798,èŠ½ğŸŒ±(æ–°å¹´å¿«ä¹å“‡),https://live.douyin.com/dylj0vbwa798,Offline,
48,dy4n5jzlvt56,Beibei,https://live.douyin.com/dy4n5jzlvt56,Offline,
49,dy62c1wxjbiy,å¤§æç´æœ›èˆ’,https://live.douyin.com/dy62c1wxjbiy,Offline,
50,dy9rsugeq2a0,å•µå´½ç³•,https://live.douyin.com/dy9rsugeq2a0,Offline,
51,expectopatronumK,ç‹¸ç‚å˜‰,https://live.douyin.com/expectopatronumK,Offline,
52,ff000789ff,è²è²ï½,https://live.douyin.com/ff000789ff,Offline,
54,fy1212y,èŠ³åª›ğŸ’ƒ,https://live.douyin.com/fy1212y,Offline,
55,geniuswow,èµšé’±å°±åƒå–æ°´ä¸€æ ·ç®€å•(é‚ªæ¶ç‰›è‚‰é¢ç‰ˆğŸœ),https://live.douyin.com/geniuswow,Offline,
56,gggjjc123,å…”å…”ğŸ’ƒ,https://live.douyin.com/gggjjc123,Offline,
57,ghl1688899,æ©˜å­æ°”æ³¡æ°´ğŸƒğŸ™ï¸(é‡ç”Ÿç‰ˆ),https://live.douyin.com/ghl1688899,Offline,
58,gogogo_upupup_,æ–°ç¾½Fly_ğŸª½,https://live.douyin.com/gogogo_upupup_,Offline,
59,guanguan505,å…³å…³,https://live.douyin.com/guanguan505,Offline,
60,guiguizi712,æ¡‚æ¡‚â‚Šâºâ˜â‚Šâº,https://live.douyin.com/guiguizi712,Offline,
61,hahaha1889527,å°å…çœŸ,https://live.douyin.com/hahaha1889527,Offline,
62,hallozoey,Zoeyä½ä¼Š,https://live.douyin.com/hallozoey,Offline,
65,heqiangwoaini,915çŒ«çŒ«ğŸ‘¯,https://live.douyin.com/heqiangwoaini,Offline,
66,hera1223,å¤å¤Heraâ­ï¸,https://live.douyin.com/hera1223,Offline,
67,hetun1314567,Sweetyç”œèŒ¶,https://live.douyin.com/hetun1314567,Offline,
69,hh16947,å–œæ¬¢ğŸŒ©ï¸,https://live.douyin.com/hh16947,Offline,
70,huohuotang3,å¢¨å°”æœ¬è·å®ğŸ”¥(æ°¸ä¸åœæ’­_),https://live.douyin.com/huohuotang3,Offline,
71,hxr041121,è½¯é›ªèŠ±uuu,https://live.douyin.com/hxr041121,Offline,
72,hx88866.,éŸ©å“ˆå“ˆ-,https://live.douyin.com/hx88866.,Offline,
73,id851290,é›ªæ¢¨é’¢ç´ğŸ¹,https://live.douyin.com/id851290,Offline,
74,iiiye_2001,Metooç¾”ç¾Š,https://live.douyin.com/iiiye_2001,Offline,
75,iuuu1437,iuuu,https://live.douyin.com/iuuu1437,Offline,
76,jaja0821,jajaâ•,https://live.douyin.com/jaja0821,Offline,
78,jiafeimaoCC,å©‰å„¿ğŸŒ»â¶Â¹â¹(çº¢çº¢ç«ç«å›å®¶è¿‡å¤§å¹´å–½),https://live.douyin.com/jiafeimaoCC,Offline,
79,jiangyuner,å¥”è·‘çš„å§œå…å„¿,https://live.douyin.com/jiangyuner,Offline,
80,jianxiaoc,ç®€å°æ©™ğŸŠ,https://live.douyin.com/jianxiaoc,Offline,
81,jiemowan111,èŠ¥æœ«ä¸¸,https://live.douyin.com/jiemowan111,Offline,
82,jinbuhuan_a,æ‰¶ç‘¶o,https://live.douyin.com/jinbuhuan_a,Offline,
84,jl610,é”¦é²¤ğŸŸ,https://live.douyin.com/jl610,Offline,
85,jnmz912,å°±é‚£ä¹ˆå®…,https://live.douyin.com/jnmz912,Offline,
86,junjunml1314,æ¢¦ç’ƒå¤ç®œç¯ŒğŸŒ™,https://live.douyin.com/junjunml1314,Offline,
87,jxsh8888888888,æŸ”æŸ”ğŸ€,https://live.douyin.com/jxsh8888888888,Offline,
88,jxx4563,è†å…®å…®,https://live.douyin.com/jxx4563,Offline,
89,jyj1113jyj.,å°±å§œç´«ba,https://live.douyin.com/jyj1113jyj.,Offline,
90,karinnnnie,å°ä½•ä½•,https://live.douyin.com/karinnnnie,Offline,
91,keaiAnAn1,å¤šå·´å®‰å®‰,https://live.douyin.com/keaiAnAn1,Offline,
92,kekou5211,å¯å£CoCo(2_6ç”Ÿæ—¥ç‰ˆ),https://live.douyin.com/kekou5211,Offline,
93,keyanbeibi27,å°ç”œåŒ—é¼»ğŸ,https://live.douyin.com/keyanbeibi27,Offline,
94,klola,å…‹ç½—æ‹‰,https://live.douyin.com/klola,Offline,
95,koukouzi123,å£å­ç¡äº†(å¹´å‰ä¸å®šæ—¶å¼€æ’­ç‰ˆ),https://live.douyin.com/koukouzi123,Offline,
96,lala75847,ç‹ç‚è‰º,https://live.douyin.com/lala75847,Offline,
98,lanwan,è“ä¸‡,https://live.douyin.com/lanwan,Offline,
99,lhy8989,å½©è™¹å±ä¸è‡­,https://live.douyin.com/lhy8989,Offline,
100,liliDDD0,ç†ç†å°ä¸ç‚¹,https://live.douyin.com/liliDDD0,Offline,
101,lilyatw,é›¨å‹³xÅ«n,https://live.douyin.com/lilyatw,Offline,
102,lingling980719,å¼¹ç´çš„èŠ±èŠ±âµÂ²â¸â¸ğŸŒ¸,https://live.douyin.com/lingling980719,Offline,
103,liutongxuedd,è‰ºæœ¯ğŸ’ƒä½³,https://live.douyin.com/liutongxuedd,Offline,
104,liuxiaoliu999,å…­å°å…­ğŸŒ¶ï¸9616(ä¸­åˆ12_50ç›´æ’­,https://live.douyin.com/liuxiaoliu999,Offline,
105,liv2333,Lilrueä¹–ä¹–,https://live.douyin.com/liv2333,Offline,
106,llin0515,æ —æ —é…¥,https://live.douyin.com/llin0515,Offline,
107,lllllljq,å˜‰è²çŒ«çŒ«è™«,https://live.douyin.com/lllllljq,Offline,
108,lllllIlllIlllII_,è–‡è–‡ã‚,https://live.douyin.com/lllllIlllIlllII_,Offline,
109,lllQAQllllll_,QAQç¾Š,https://live.douyin.com/lllQAQllllll_,Offline,
110,llx_02,æä¸½æ¬£,https://live.douyin.com/llx_02,Offline,
111,llyuanyuan1120,å›­å›­çš„è„‘è¢‹(å…­è¾¹å½¢ç‰ˆ),https://live.douyin.com/llyuanyuan1120,Offline,
112,lly010203,ç²ç‰ğŸ¦©,https://live.douyin.com/lly010203,Offline,
113,ll8274864,77_ã…¤,https://live.douyin.com/ll8274864,Offline,
114,lo122084460,ğŸ€å–œå¨œğŸ€,https://live.douyin.com/lo122084460,Offline,
115,lsy990421,åˆ˜è¯—åª›,https://live.douyin.com/lsy990421,Offline,
116,luckymaiz,éº¦éº¦ya,https://live.douyin.com/luckymaiz,Offline,
117,lx_xue_,é‡ç”Ÿå°é›ª,https://live.douyin.com/lx_xue_,Offline,
118,lxslmm788,å…ƒæ°”åˆå¿ƒ,https://live.douyin.com/lxslmm788,Offline,
120,ly_piano,çˆ±å¦ğŸ¹,https://live.douyin.com/ly_piano,Offline,
121,lyttkx11,å†°ç³–é›ªæ¢¨,https://live.douyin.com/lyttkx11,Offline,
122,lzj56789,ç«¹å­ä¸­å›½èˆ,https://live.douyin.com/lzj56789,Offline,
123,maiyunni,éº¦èŠ¸å¦®,https://live.douyin.com/maiyunni,Offline,
124,mamahaha957,åœŸè±†ğŸ¥”åƒæé¾™(å‡è‚¥ç‰ˆ),https://live.douyin.com/mamahaha957,Offline,
125,mcd0407,ç²‰çº¢é¼»å­çŒª,https://live.douyin.com/mcd0407,Offline,
126,medic,å°æœˆäº®å‘€ğŸŒŠ,https://live.douyin.com/medic,Offline,
127,mian8787,ä½ çš„ç»µç»µğŸ¹,https://live.douyin.com/mian8787,Offline,
128,miyo1997,å°å°æ±¤åœ†ğŸ¹,https://live.douyin.com/miyo1997,Offline,
129,mmssyy,é‡å°é©¬,https://live.douyin.com/mmssyy,Offline,
130,momo258,è·³èˆçš„å°æ²«æ²«ğŸ¦‹,https://live.douyin.com/momo258,Offline,
131,moon17.,å°è€¶ğŸŒ´,https://live.douyin.com/moon17.,Offline,
132,mqmq1121,ç¦ç¦å­,https://live.douyin.com/mqmq1121,Offline,
133,mq87777,èŒä¸ƒå•Šä¸¶,https://live.douyin.com/mq87777,Offline,
135,m3368_,æ˜¯æœ¨æœ¨å–ğŸ°,https://live.douyin.com/m3368_,Offline,
136,naomiviolin1007,é™†é¹¿violinğŸ¦Œ(åœæ’­å‡ å¤©ç‰ˆğŸ˜´),https://live.douyin.com/naomiviolin1007,Offline,
138,niko02,é‡‘äº¨åˆ©,https://live.douyin.com/niko02,Offline,
139,nishizhuabaaba,æ˜“å°å¯’,https://live.douyin.com/nishizhuabaaba,Offline,
140,nxkk11,å¯å¯å¥¶æ˜”,https://live.douyin.com/nxkk11,Offline,
141,nz1214,å´½å´½aaa,https://live.douyin.com/nz1214,Offline,
142,ox427,okok,https://live.douyin.com/ox427,Offline,
143,pangning2260,èƒ–å®-,https://live.douyin.com/pangning2260,Offline,
144,pawa000,å¸•ç“¦ğŸ˜ˆ,https://live.douyin.com/pawa000,Offline,
145,peri1018,Viviä¸ä¼šè·³èˆ,https://live.douyin.com/peri1018,Offline,
146,piano_WF,å¼¹é’¢ç´çš„ç‹è²ğŸ¹(2_11ç”Ÿæ—¥ç‰ˆ),https://live.douyin.com/piano_WF,Offline,
147,pingping9,çˆ±ä¸Šç¾äººé±¼çš„å°èå§,https://live.douyin.com/pingping9,Offline,
148,pmm6643,æ›¼å¦®ğŸ¹ğŸ¬,https://live.douyin.com/pmm6643,Offline,
150,qianyu77hao,èŠŠé›¨_â¹Â²â·â·âœ¨,https://live.douyin.com/qianyu77hao,Offline,
151,qiaoeroo,ä¹”å„¿ooğŸ,https://live.douyin.com/qiaoeroo,Offline,
152,qiaoqiao88899900,å°ä¹”å¼¹å”±â˜€ï¸(åˆå…­ä¸Šç­),https://live.douyin.com/qiaoqiao88899900,Offline,
153,qibaochongya,é˜¿çªä¸æ˜¯å­¦å§,https://live.douyin.com/qibaochongya,Offline,
154,qier88,çªå´½ğŸ¦€,https://live.douyin.com/qier88,Offline,
155,qinyunyiran,å’¿æ¶µå¤ç´åŸè¯µ(ç§ä¿¡å…³é—­ä¸­),https://live.douyin.com/qinyunyiran,Offline,
157,qiuqiubiechi86,çƒçƒåˆ«åƒäº†,https://live.douyin.com/qiuqiubiechi86,Offline,
158,qi7850.,âœ¨å°æ‹¾æŸ’(æ˜¥èŠ‚ä¼‘æ¯ç‰ˆğŸ§§),https://live.douyin.com/qi7850.,Offline,
159,qi7871,ğŸ¹å–µå°ä¸ƒ,https://live.douyin.com/qi7871,Offline,
161,qzygonec3,å‘†ç“œå°åŒªğŸ‰,https://live.douyin.com/qzygonec3,Offline,
162,real0618,è‚–çœŸçœŸğŸˆæ—©6_00æˆ·å¤–ç›´æ’­,https://live.douyin.com/real0618,Offline,
163,robison.,å°è‹ç‘¾c,https://live.douyin.com/robison.,Offline,
164,rourourourou36,èœèœèœèœ,https://live.douyin.com/rourourourou36,Offline,
165,ruanruan726,è½¯è½¯kik,https://live.douyin.com/ruanruan726,Offline,
166,seqi0901,è‹æ¶©çª,https://live.douyin.com/seqi0901,Offline,
167,shangyuxi0727,å¸Œä¹‹å¡æ¯”,https://live.douyin.com/shangyuxi0727,Offline,
168,shaochongdoub,æ—å¤•æœ¨è‹’,https://live.douyin.com/shaochongdoub,Offline,
169,shiqi171177,å°åä¸ƒå‘€ã…¤ã…¤ã…¤,https://live.douyin.com/shiqi171177,Offline,
170,shkxouxui,è‹å¾¡ğŸ¹,https://live.douyin.com/shkxouxui,Offline,
171,shushu.25,æµ…æµ…è“,https://live.douyin.com/shushu.25,Offline,
172,shuxuelaoshi6161,æ•°å­¦è€å¸ˆé›…,https://live.douyin.com/shuxuelaoshi6161,Offline,
173,songlizi_,æ¾æ —å­âœˆï¸,https://live.douyin.com/songlizi_,Offline,
174,ssfbq55,ğŸ¦ˆé²¨é²¨Â²Â³Â³,https://live.douyin.com/ssfbq55,Offline,
175,suan0829,å‘é›…è±,https://live.douyin.com/suan0829,Offline,
176,suixiaoyi9251,éš‹å°æ‡¿ğŸ§Ê¸â±,https://live.douyin.com/suixiaoyi9251,Offline,
177,sukizhong954,å°è‹å¯(å‘æ­Œç‰ˆ),https://live.douyin.com/sukizhong954,Offline,
178,sunkist_lee0624,,https://live.douyin.com/sunkist_lee0624,Offline,
179,sunny31777,å®è´77,https://live.douyin.com/sunny31777,Offline,
180,susu0606aria,å¤§æç´è‹è‹Aria,https://live.douyin.com/susu0606aria,Offline,
181,tamimi1111,å‘¼å•¦åœˆå¥³ç‹ğŸ’ƒé©¬å˜‰å,https://live.douyin.com/tamimi1111,Offline,
182,tangzihanxixi,å”ç´«æ¶µğŸ”,https://live.douyin.com/tangzihanxixi,Offline,
183,taotao0908,æ¡ƒç›ˆç›ˆğŸ§,https://live.douyin.com/taotao0908,Offline,
184,tiantian888i,ä¸€ç”œ_Ë‡,https://live.douyin.com/tiantian888i,Offline,
185,tjj990923,å”èè,https://live.douyin.com/tjj990923,Offline,
186,tmbaobao9,èŒ—å®å„¿å¾ˆä¹–,https://live.douyin.com/tmbaobao9,Offline,
187,todaywithmusic,å¼ è€€ä»ŠğŸ»,https://live.douyin.com/todaywithmusic,Offline,
188,tsuki118,æ—å¦™ä¸€âµÂ²Â¹Â¹,https://live.douyin.com/tsuki118,Offline,
189,ttixxz,4u,https://live.douyin.com/ttixxz,Offline,
192,tuzhizhi3379,å«æˆ‘å°èŠ³ğŸ¥•,https://live.douyin.com/tuzhizhi3379,Offline,
193,tu78999,ğŸŒ™æœˆæœˆå…”,https://live.douyin.com/tu78999,Offline,
194,uu1311,Umiä¹”æ©,https://live.douyin.com/uu1311,Offline,
195,uu51888,æ¢¨æ¶¡â˜€ï¸,https://live.douyin.com/uu51888,Offline,
196,vivi59665,æViVi,https://live.douyin.com/vivi59665,Offline,
198,vk532313,å‘¼å«å°æ°´ğŸ“,https://live.douyin.com/vk532313,Offline,
199,vHan09233,éŸ©å†°,https://live.douyin.com/vHan09233,Offline,
200,wanergangqin,å§œå©‰å„¿â­ï¸é’¢ç´,https://live.douyin.com/wanergangqin,Offline,
201,wangkeer0215,ç‹å¯å„¿,https://live.douyin.com/wangkeer0215,Offline,
202,wangmiaomiao1230,ç‹æ·¼æ·¼ğŸ¤,https://live.douyin.com/wangmiaomiao1230,Offline,
203,wanting619,å©‰å©·å©·å„¿,https://live.douyin.com/wanting619,Offline,
204,wawa2me,wawa_Â¨Ì®,https://live.douyin.com/wawa2me,Offline,
205,wbkl888,99,https://live.douyin.com/wbkl888,Offline,
206,wenbabyy.,æ¸©å˜Ÿå˜ŸğŸ¦„à½²,https://live.douyin.com/wenbabyy.,Offline,
207,wennanxi99,æ¸©å—æ±Â¹Â²â·(å›å®¶è¿‡å¹´ç‰ˆ),https://live.douyin.com/wennanxi99,Offline,
208,woaimingming00,ä¸æ»‘æ˜æ˜,https://live.douyin.com/woaimingming00,Offline,
209,woleigedoua,ä¸€å£ç‰æ¡‚å·,https://live.douyin.com/woleigedoua,Offline,
210,wr28888,å…”å®ğŸ’ƒ,https://live.douyin.com/wr28888,Offline,
211,wuq0021216,w77,https://live.douyin.com/wuq0021216,Offline,
213,wwwbfl007007,æ¡‚æ—ä¸Šå®˜ä¸ƒğŸ’ƒ,https://live.douyin.com/wwwbfl007007,Offline,
215,ww811011,å°ä½™çˆ±åƒğŸŸ,https://live.douyin.com/ww811011,Offline,
216,wxx0706,æ¸©é¦¨é¦¨,https://live.douyin.com/wxx0706,Offline,
217,wyaodwanghlq,ç‘ç‘å­ğŸ¦–,https://live.douyin.com/wyaodwanghlq,Offline,
218,wyf50657,ç‹å¾·èŠ™,https://live.douyin.com/wyf50657,Offline,
219,wyjwyjddcc,å¯å„¿ç¡ä¸é†’-,https://live.douyin.com/wyjwyjddcc,Offline,
220,xgy1333,å¦ä¸€ä¸ªå°å›ºæœ‰ğŸ¹,https://live.douyin.com/xgy1333,Offline,
221,xg31002,å‘†å‘†å°ç‹—,https://live.douyin.com/xg31002,Offline,
222,xiangyi0620,åˆ˜ä½³ä»ª,https://live.douyin.com/xiangyi0620,Offline,
223,xian526076,ç§¦å°äº”,https://live.douyin.com/xian526076,Offline,
225,xiaohuapiano,é’¢ç´å¤å°æ¬ å„¿,https://live.douyin.com/xiaohuapiano,Offline,
227,xiaolengbaobei,å°å†·ğŸ§Š,https://live.douyin.com/xiaolengbaobei,Offline,
228,xiaoli6660000,å°ç‹¸ä¸­é˜®ğŸ¦Š,https://live.douyin.com/xiaoli6660000,Offline,
229,xiaomaobing_,å°çŒ«é¥¼ğŸˆ,https://live.douyin.com/xiaomaobing_,Offline,
232,xiaoqiguzheng,å°å¥‡ğŸŒŸå¤ç­,https://live.douyin.com/xiaoqiguzheng,Offline,
233,xiaoqiyue0077,ç»®ç¥JulyğŸ¤ğŸ¤,https://live.douyin.com/xiaoqiyue0077,Offline,
235,xiaoxinyo0907,è„†è„†çš„,https://live.douyin.com/xiaoxinyo0907,Offline,
236,xiaoyu7711,å°é›¨titiğŸ»,https://live.douyin.com/xiaoyu7711,Offline,
237,xili520888,èŒœé»,https://live.douyin.com/xili520888,Offline,
238,xiluzaizai,ç»†è·¯å´½å´½ğŸ¹_ãƒ„Â²Â²Â²(åˆå…«å¼€å·¥,https://live.douyin.com/xiluzaizai,Offline,
239,xinchun0624,æ¬£çº¯ğŸ¹,https://live.douyin.com/xinchun0624,Offline,
240,xindi_0709,è¾›è¿ªåœ¨ä½ å¿ƒåº•ğŸˆÂ²Â¹â¹â¹,https://live.douyin.com/xindi_0709,Offline,
241,xingxing03300,æ²‰é»˜çš„å°çŒª,https://live.douyin.com/xingxing03300,Offline,
242,xinmishu124,é¦¨ç§˜ä¹¦,https://live.douyin.com/xinmishu124,Offline,
243,xinruia34705,æ¬£ç¿é˜¿,https://live.douyin.com/xinruia34705,Offline,
244,xiwang666.,èŒœæœ›âœ¨,https://live.douyin.com/xiwang666.,Offline,
245,xiy306,å¦‚æœé‡è§è¥¿å­ğŸ¹,https://live.douyin.com/xiy306,Offline,
246,xi2bai,å¸ŒäºŒç™½,https://live.douyin.com/xi2bai,Offline,
247,xml22223,Qshan,https://live.douyin.com/xml22223,Offline,
248,xqz989911,å°æ¸…å­ğŸ§šğŸ»â€â™‚ï¸,https://live.douyin.com/xqz989911,Offline,
250,xukeying0919,è®¸å¯è¹,https://live.douyin.com/xukeying0919,Offline,
251,xxhhh967,éº»ç”µå°‘å¥³,https://live.douyin.com/xxhhh967,Offline,
253,xxwerhu,æµ æ–‡ğŸ»æ‹‰äºŒèƒ¡,https://live.douyin.com/xxwerhu,Offline,
254,xxxcwya,å°è™¾è™¾åƒæˆ‘,https://live.douyin.com/xxxcwya,Offline,
255,xxx90116,æ¬£æ¬£ğŸ¦‹(å¹´å‡å’¯ï½),https://live.douyin.com/xxx90116,Offline,
256,xxyun11,å°äº‘æ²¡çƒ¦æ¼,https://live.douyin.com/xxyun11,Offline,
257,xx999tt88,æ¸æ¸,https://live.douyin.com/xx999tt88,Offline,
259,xyxy0339xy,å°æ€¡ğŸ’ƒ,https://live.douyin.com/xyxy0339xy,Offline,
260,xy092411,å¥³å”aprilğŸŒ§ï¸,https://live.douyin.com/xy092411,Offline,
261,xy8888zz,å°å®‡å®™ğŸ§¡,https://live.douyin.com/xy8888zz,Offline,
263,x11779,Ash_å¤å¤,https://live.douyin.com/x11779,Offline,
264,yanlico_,coco,https://live.douyin.com/yanlico_,Offline,
265,yaoxiaotang,å§šæ™“æ£ ,https://live.douyin.com/yaoxiaotang,Offline,
267,yeyefacai888888,å°ä¹Ÿä¹Ÿ,https://live.douyin.com/yeyefacai888888,Offline,
268,yibaokaixinya,æ€¡å®,https://live.douyin.com/yibaokaixinya,Offline,
269,yiluobaby,ä¼ŠçğŸ¹,https://live.douyin.com/yiluobaby,Offline,
270,yingtaogongzhu,å®¸è¨æ¨±æ¡ƒ,https://live.douyin.com/yingtaogongzhu,Offline,
271,yinyin83943108,ğŸ¥¤ä¸å–å¯ä¹,https://live.douyin.com/yinyin83943108,Offline,
272,yixun1921,ä¸€å¯»,https://live.douyin.com/yixun1921,Offline,
273,yiyi20020817,99ç±³ğŸ€,https://live.douyin.com/yiyi20020817,Offline,
274,yiyi94182199,11ğŸ«§,https://live.douyin.com/yiyi94182199,Offline,
275,yjsc2,å§šé™å§Janice,https://live.douyin.com/yjsc2,Offline,
277,youyi032,æ‚ ä»ª,https://live.douyin.com/youyi032,Offline,
278,ytyt0623,ğŸ¹è¿™ä¸ªä¸«å¤´â¶Â²Â³,https://live.douyin.com/ytyt0623,Offline,
279,yuer20230318,223,https://live.douyin.com/yuer20230318,Offline,
280,yuner_666,éŸµå„¿ğŸ»å¤§æç´1_11ç”Ÿæ—¥åº†ğŸ‚,https://live.douyin.com/yuner_666,Offline,
281,yuni11888,yunièŠ‹æ³¥å•µå•µ,https://live.douyin.com/yuni11888,Offline,
282,yunyipianoharp,ğŸ¹äº‘ä¸€â˜ï¸,https://live.douyin.com/yunyipianoharp,Offline,
283,yuzifafafa,æ¬²å­,https://live.douyin.com/yuzifafafa,Offline,
284,yxxy989,å°æ¨ä¸åƒé¦™èœğŸ‘,https://live.douyin.com/yxxy989,Offline,
285,yybb1111,å¤ç­ğŸ«§ç‰ç‘¶(å¬è¯´ä¼šå¼¹å”±),https://live.douyin.com/yybb1111,Offline,
286,yy1717171711,éœ¸é“ç‹,https://live.douyin.com/yy1717171711,Offline,
287,yy422000,ä¸­å›½èˆè¹è¹âµÂ¹Â¹,https://live.douyin.com/yy422000,Offline,
288,yy77990y,è„¸åœ†åœ†,https://live.douyin.com/yy77990y,Offline,
289,zhailianlian,ç¿Ÿè„¸è„¸,https://live.douyin.com/zhailianlian,Offline,
290,zhangfangran.,æ¼”å‘˜ç« æ–¹ç„¶__ğŸ§¸,https://live.douyin.com/zhangfangran.,Offline,
291,zhudizihan,ç«¹ç¬›å­æ¶µ,https://live.douyin.com/zhudizihan,Offline,
292,zhuzSs,å°ç¥ä»™,https://live.douyin.com/zhuzSs,Offline,
293,zishi_er,å­æ—¶ğŸ£,https://live.douyin.com/zishi_er,Offline,
294,zixuan73345,Tiki,https://live.douyin.com/zixuan73345,Offline,
295,zjy20031126,é™æ€¡é”¯æœ¨å¤´,https://live.douyin.com/zjy20031126,Offline,
296,zj91058,å°å·´é£æƒ…_é™é™ğŸŒˆ,https://live.douyin.com/zj91058,Offline,
297,zxky888_888,å‘¨å°å¯ä»¥ğŸ‘ŒğŸ»,https://live.douyin.com/zxky888_888,Offline,
298,zxy1313ljj,å†·å†·é…±,https://live.douyin.com/zxy1313ljj,Offline,
299,zz_aij,zzå¼ å¼ ,https://live.douyin.com/zz_aij,Offline,
300,zzlinn1,linn1,https://live.douyin.com/zzlinn1,Offline,
301,zz3344xm,ğŸ«§å°å°å°ä»™å¥³ğŸ°,https://live.douyin.com/zz3344xm,Offline,
302,zz5200919,ç«¹ç¬›æ™¶æ™¶âœ¨,https://live.douyin.com/zz5200919,Offline,
303,z5885167,é›¨å®â¸â¸âµÂ¹â¶,https://live.douyin.com/z5885167,Offline,
304,z88867890,å°æ€¡å®åœ¨è¿‡åˆ†ç¾ä¸½,https://live.douyin.com/z88867890,Offline,
306,Aa0387,0387,https://live.douyin.com/Aa0387,Offline,
307,Aitutu0503,å›¾å›¾,https://live.douyin.com/Aitutu0503,Offline,
308,Allinyoghurt_,å°æ¥š,https://live.douyin.com/Allinyoghurt_,Offline,
309,Andy05279898,å®‰å°æ»¡,https://live.douyin.com/Andy05279898,Offline,
310,Angelina0910,å°å®‰çŒª,https://live.douyin.com/Angelina0910,Offline,
311,Annn1949,æ¯›åˆ©è“,https://live.douyin.com/Annn1949,Offline,
312,AnAn00719,u_å°ç³•å†·,https://live.douyin.com/AnAn00719,Offline,
313,Artistlili,é•¿ç¦»,https://live.douyin.com/Artistlili,Offline,
314,Ayang4444,è´¦å·å·²æ³¨é”€,https://live.douyin.com/Ayang4444,Offline,
315,Ayue3,æ±Ÿä¸€ç¥,https://live.douyin.com/Ayue3,Offline,
316,AA00718.,å°ğŸ·å®…æ±,https://live.douyin.com/AA00718.,Offline,
317,AA343388,95å²é«˜å†·ç»¿èŒ¶ğŸµ,https://live.douyin.com/AA343388,Offline,
318,AA99T,å¥¶ç³–å¾ˆç”œèˆè¹ˆğŸ’ƒğŸ‚,https://live.douyin.com/AA99T,Offline,
319,ABC339975,ğŸ™ï¸å¤çƒ­çƒ­ğŸŒ»,https://live.douyin.com/ABC339975,Offline,
320,ART..Z,æ€€å­æ¸,https://live.douyin.com/ART..Z,Offline,
321,A66638275529,,https://live.douyin.com/A66638275529,Offline,
322,A776975888,77é˜¿,https://live.douyin.com/A776975888,Offline,
323,BaiTaoTao0709,ç™½æ¡ƒæ¡ƒğŸ‘,https://live.douyin.com/BaiTaoTao0709,Offline,
324,Baozz888,å°è‰¾åŒå­¦ğŸ¹,https://live.douyin.com/Baozz888,Offline,
325,Bker718,ğŸŒ´ç™½å¯å„¿ğŸ‘â·Â¹â¸,https://live.douyin.com/Bker718,Offline,
326,Bob258088,æš´æš´çˆ†ç±³èŠ±,https://live.douyin.com/Bob258088,Offline,
327,BB8810,èœœå…”å„¿ğŸ°,https://live.douyin.com/BB8810,Offline,
328,BDL66678,å§œæ©æ¢¨paisley,https://live.douyin.com/BDL66678,Offline,
329,BXG0923,è´å°æœğŸ,https://live.douyin.com/BXG0923,Offline,
330,CellistSomi,å¤§æç´SomiğŸ»,https://live.douyin.com/CellistSomi,Offline,
331,Cg20010702,å°å˜‰(ä¸€å­—é©¬å°ä»™å¥³)ğŸ ,https://live.douyin.com/Cg20010702,Offline,
332,Chanjuandancer,å©µå¨Ÿ(èˆè¹ˆ),https://live.douyin.com/Chanjuandancer,Offline,
333,Chou8g,ä¸‘å…«æ€ªs1t,https://live.douyin.com/Chou8g,Offline,
334,Cml123..,å°å…°ğŸ¦¦,https://live.douyin.com/Cml123..,Offline,
336,Cora0406,DJ_Cora_èµ–å®,https://live.douyin.com/Cora0406,Offline,
337,Crs120,çº¯çœŸéœ²,https://live.douyin.com/Crs120,Offline,
340,CCYY97971,é™ˆå°å¤­,https://live.douyin.com/CCYY97971,Offline,
341,CC0808_cj,,https://live.douyin.com/CC0808_cj,Offline,
342,CDkLL,ä»¥å¦™,https://live.douyin.com/CDkLL,Offline,
344,CSZJPiano,å¼ æ™¶ğŸ¹Piano,https://live.douyin.com/CSZJPiano,Offline,
345,CX23520,ğŸŒ¿åˆå¿ƒğŸ»,https://live.douyin.com/CX23520,Offline,
347,C777777k,ä½ çš„æŸ’æŸ’,https://live.douyin.com/C777777k,Offline,
348,DanBaoe,ä¸œåŒ—ç”œå¦¹å„¿ğŸƒ,https://live.douyin.com/DanBaoe,Offline,
349,Dec.Z1210,å‡­ä»€ä¹ˆ,https://live.douyin.com/Dec.Z1210,Offline,
350,DianDian0.,ç‚¹ç‚¹ğŸ¤,https://live.douyin.com/DianDian0.,Offline,
351,DokiDoki_617,ç›®å¤•ğŸ¹,https://live.douyin.com/DokiDoki_617,Offline,
352,Dou.Dn,æå…œå…œ,https://live.douyin.com/Dou.Dn,Offline,
354,DLDL95,å°æ¶…ğŸ¤ğŸ·,https://live.douyin.com/DLDL95,Offline,
355,EjaySONNN,åˆæ‡¿,https://live.douyin.com/EjaySONNN,Offline,
356,Erkezhou,äºŒç‚Chloe,https://live.douyin.com/Erkezhou,Offline,
357,Ffan0407,å¸†å¸†ğŸ‘,https://live.douyin.com/Ffan0407,Offline,
358,F11885200,@å†¯å®å„¿,https://live.douyin.com/F11885200,Offline,
359,GeoffreyDY,Geoffrey,https://live.douyin.com/GeoffreyDY,Offline,
360,GneFTiaN26,éº»è¾£ç”œè±†,https://live.douyin.com/GneFTiaN26,Offline,
361,Goudai66,ç‹—è¢‹,https://live.douyin.com/Goudai66,Offline,
364,GCX03324,çˆ±åƒé±¼(å¯’å‡ç‰ˆ),https://live.douyin.com/GCX03324,Offline,
365,GSMinn,Svea_è¿Ÿè¿Ÿ,https://live.douyin.com/GSMinn,Offline,
366,GZXQ5217,æ™“ç´ğŸ€å¤ç­(æ—©ä¸Šå…­ç‚¹å’Œä¸‹åˆä¸‰ç‚¹ç›´æ’­),https://live.douyin.com/GZXQ5217,Offline,
367,HaaanJing,å¼ æ™—å©§,https://live.douyin.com/HaaanJing,Offline,
368,He.wy,é›…é™âœ¨,https://live.douyin.com/He.wy,Offline,
369,Hsmm66,æ…¢æ…¢é’¢ç´ğŸ¹,https://live.douyin.com/Hsmm66,Offline,
370,Hui15178,å¼ èŸ,https://live.douyin.com/Hui15178,Offline,
371,Huwww830,å“‡å¡ç‹éœ–ğŸ‘°ğŸ»,https://live.douyin.com/Huwww830,Offline,
372,Huyalucky,åˆ«å·çœ‹æˆ‘çš„èŸ¹é»„å ¡ç§˜æ–¹,https://live.douyin.com/Huyalucky,Offline,
373,Hy568700,ä¹”æ²å¿ƒ,https://live.douyin.com/Hy568700,Offline,
374,HQ216621,YAYAğŸ»,https://live.douyin.com/HQ216621,Offline,
375,HYY804761,å¥¶å…”èƒ¡åª›åª›,https://live.douyin.com/HYY804761,Offline,
376,H0531.666,å°èŠ±èŠ±å“©è½°ğŸ¿,https://live.douyin.com/H0531.666,Offline,
377,Ixiaoxixiaoxi.,å°å¦‚ç¡ä¸é†’ğŸ˜´,https://live.douyin.com/Ixiaoxixiaoxi.,Offline,
378,ID20881105,æ–¹å¿†æ²,https://live.douyin.com/ID20881105,Offline,
379,Jenny_Ni_520,å¦®å„¿Jenny,https://live.douyin.com/Jenny_Ni_520,Offline,
380,Jiujin98989,ä¹æ–¤ğŸ’ƒğŸ¼Â²âµâ¹â¹,https://live.douyin.com/Jiujin98989,Offline,
381,JuneOOh,å¯çˆ±D_ğŸ¬_å…»åˆ†ing,https://live.douyin.com/JuneOOh,Offline,
382,Jy6268,å¦™å¯_ğŸ’ƒ,https://live.douyin.com/Jy6268,Offline,
383,JIA55_33,çˆå¿ƒé¥¼å¹²,https://live.douyin.com/JIA55_33,Offline,
384,JYviolinist,ä½³æ€¡violinistğŸ»,https://live.douyin.com/JYviolinist,Offline,
385,JY1288.,ä¹æœˆ,https://live.douyin.com/JY1288.,Offline,
386,Kathy233,Kathy_LIUğŸ¹,https://live.douyin.com/Kathy233,Offline,
387,Kimxxyy8888,é‡‘ç†™å¦,https://live.douyin.com/Kimxxyy8888,Offline,
388,Kiwiwiwiwi,Kiwiåœ¨è¿™é‡Œ,https://live.douyin.com/Kiwiwiwiwi,Offline,
389,Kunkun9146,é•¿æ¸æ„,https://live.douyin.com/Kunkun9146,Offline,
390,KE5222,ç¬¬äºŒå¯çˆ±,https://live.douyin.com/KE5222,Offline,
391,KTH1230V,å°ä½•åŒå­¦yo,https://live.douyin.com/KTH1230V,Offline,
392,Leo_0.,å¤§ç‹å’Œå°çˆ·,https://live.douyin.com/Leo_0.,Offline,
393,Liduo1314,æåäºŒ,https://live.douyin.com/Liduo1314,Offline,
394,Lii110,å—è”,https://live.douyin.com/Lii110,Offline,
395,Lingogo66,ç³å›­go,https://live.douyin.com/Lingogo66,Offline,
396,Lixx0324,å¼ æ²é»â°Â³Â²â´,https://live.douyin.com/Lixx0324,Offline,
397,LiLi__16,æå¥½å–ğŸ¹,https://live.douyin.com/LiLi__16,Offline,
398,LiLi_2024,Mikiç¤¼ç¤¼,https://live.douyin.com/LiLi_2024,Offline,
400,Lollipop777.,,https://live.douyin.com/Lollipop777.,Offline,
401,Luhuiqiao0606,æ¡¥æ¡¥ç¡ä¸ç€ğŸ»,https://live.douyin.com/Luhuiqiao0606,Offline,
402,Lvmishh,ROsEğŸ’HH,https://live.douyin.com/Lvmishh,Offline,
403,Lxh.0109.,å°é»‘ä¸ä¼šè·³èˆï½,https://live.douyin.com/Lxh.0109.,Offline,
404,Lxx13,Tayä¸¶ç’‡å„¿,https://live.douyin.com/Lxx13,Offline,
405,Lycheeaa,è”æå‘€,https://live.douyin.com/Lycheeaa,Offline,
406,LIzlee0902,å‰å­æ —Liz,https://live.douyin.com/LIzlee0902,Offline,
407,LL2020999,è±è±,https://live.douyin.com/LL2020999,Offline,
409,LZ1013d,è±†è±†(ä¸­å›½èˆ),https://live.douyin.com/LZ1013d,Offline,
410,LZ7p7,JIAä½³,https://live.douyin.com/LZ7p7,Offline,
412,Maomaoxy001,æ³•æ‹‰åˆ©çš„æ³•,https://live.douyin.com/Maomaoxy001,Offline,
413,Masa7788,æ¢…æ¢…ğŸ‘¸,https://live.douyin.com/Masa7788,Offline,
414,Meixin410,å¿ƒå®,https://live.douyin.com/Meixin410,Offline,
415,Meng7118,ğŸµèŒçŒªçŒª_ğŸ·â€˜2_3é›¶ç‚¹ç”Ÿæ—¥ç‰ˆâ€™,https://live.douyin.com/Meng7118,Offline,
416,Min_er_ya,ææ•å„¿å‘€,https://live.douyin.com/Min_er_ya,Offline,
418,Mm_3189,çƒ¦çƒ¦â˜€ï¸,https://live.douyin.com/Mm_3189,Offline,
419,Mn1y579,1meinv,https://live.douyin.com/Mn1y579,Offline,
420,Mxm221122,è¿·å°æ…¢ğŸ•Šï¸,https://live.douyin.com/Mxm221122,Offline,
422,NanGe66668,äºšæ¥ ,https://live.douyin.com/NanGe66668,Offline,
423,Ninitian.,å¦®å¦®ç”œ,https://live.douyin.com/Ninitian.,Offline,
424,NIANYiii,å¿µä¸€_ğŸ’ƒğŸ»,https://live.douyin.com/NIANYiii,Offline,
425,NIKO22222,å¦®å¯ğŸ¹,https://live.douyin.com/NIKO22222,Offline,
426,NN5775493,é‡‘å¿µ,https://live.douyin.com/NN5775493,Offline,
427,Onlyme02007,Paiè›‹é»„,https://live.douyin.com/Onlyme02007,Offline,
428,Orange.2000922,æ£’æ£’ç³–å‘³å„¿çš„æ©™å­,https://live.douyin.com/Orange.2000922,Offline,
429,ONE_PIECE1013,è‰å¸½ğŸ‘’é…’,https://live.douyin.com/ONE_PIECE1013,Offline,
430,PangYing9886,é¢–å„¿ç‘œä¼½_å¥½è¿è¿è¿,https://live.douyin.com/PangYing9886,Offline,
431,Phoenix_77777,è²å…’é’¢ç´Â¹Â²Â³,https://live.douyin.com/Phoenix_77777,Offline,
432,P54040819,lrå¤­é‡‘,https://live.douyin.com/P54040819,Offline,
433,Qianhui77444,ğŸ¹æƒ å­,https://live.douyin.com/Qianhui77444,Offline,
435,Quan20200724,åœˆğŸ’ƒ,https://live.douyin.com/Quan20200724,Offline,
436,Qz11118888.,å“†å”»å’ªO3O,https://live.douyin.com/Qz11118888.,Offline,
437,QIQI627,é½é½é½å°é±¼ğŸ’ƒ,https://live.douyin.com/QIQI627,Offline,
438,QNing1125,é’æŸ ğŸƒ,https://live.douyin.com/QNing1125,Offline,
439,QY010906,èŠŠå…ğŸ³,https://live.douyin.com/QY010906,Offline,
440,Q37211225Y,åœˆåœˆğŸ»(åœæ’­å‡ å¤©å—·å—·å‘è§†é¢‘ç‰ˆ_),https://live.douyin.com/Q37211225Y,Offline,
441,Rjiyoo,Rjiyoo,https://live.douyin.com/Rjiyoo,Offline,
443,Ruirui257o,ç»´å…‹æ‰˜ç‘,https://live.douyin.com/Ruirui257o,Offline,
444,R2shuo,ä¸­å›½èˆğŸ’•ç¡•ç¡•,https://live.douyin.com/R2shuo,Offline,
445,R20248866,æˆéƒ½æ°¸æ’å½±è§†æ–‡åŒ–ä¼ åª’æœ‰é™å…¬å¸,https://live.douyin.com/R20248866,Offline,
446,Shdij27463829,äºŒèƒ¡ğŸ‰å°æ¯›æ¯›,https://live.douyin.com/Shdij27463829,Offline,
447,SobdeSaihan,è‹å¸ƒå¾·_é©¬å¤´ç´,https://live.douyin.com/SobdeSaihan,Offline,
448,Spiritself997,è¶Š_ç­,https://live.douyin.com/Spiritself997,Offline,
449,Ss2011018,å¼ è³æ¡‰â„,https://live.douyin.com/Ss2011018,Offline,
450,Sunwen99419,å­™é›¯ğŸ¦â€ğŸ”¥,https://live.douyin.com/Sunwen99419,Offline,
451,Suxianji.,è‹å¼¦å·±ğŸ¦Š,https://live.douyin.com/Suxianji.,Offline,
452,Su612612,så°,https://live.douyin.com/Su612612,Offline,
453,SwqZheng,ğŸ¦‹èŒœèŒœå¤ç­ğŸ¦‹,https://live.douyin.com/SwqZheng,Offline,
454,Syao88888,æ€ç‘¶ğŸâ¹Â²â´Â¹,https://live.douyin.com/Syao88888,Offline,
455,SS831209,å®‰å®‰ğŸ¼,https://live.douyin.com/SS831209,Offline,
456,SYC83625,é²¨ç”Ÿé±¼ä¸¸,https://live.douyin.com/SYC83625,Offline,
457,Theone_98,TheoneğŸ•Š,https://live.douyin.com/Theone_98,Offline,
458,Tianmao0301,ç”œçŒ«ğŸ±,https://live.douyin.com/Tianmao0301,Offline,
459,Tiantian_696,ç™¾åˆ©æ¬,https://live.douyin.com/Tiantian_696,Offline,
460,Ttu1225,é¹¿å©·,https://live.douyin.com/Ttu1225,Offline,
461,Tt66992233,å†µå°é‡,https://live.douyin.com/Tt66992233,Offline,
462,Tutu8317,èåœåƒå…”å…”,https://live.douyin.com/Tutu8317,Offline,
463,TL22DD7,é€šç•…ï½ğŸŒ»,https://live.douyin.com/TL22DD7,Offline,
465,T1KAI,å‡¯æ–¯ç‰¹ğŸ¹,https://live.douyin.com/T1KAI,Offline,
466,T2577777,æ™šå®‰ğŸŒ™,https://live.douyin.com/T2577777,Offline,
468,Violin_QuYan,æ›²å²©ğŸ©Violin,https://live.douyin.com/Violin_QuYan,Offline,
469,WeiLa250,éº»è¾£çº¢èåœ,https://live.douyin.com/WeiLa250,Offline,
470,Well8787,kk,https://live.douyin.com/Well8787,Offline,
471,Wenzaozao1109,ä½‘ä¼˜(æ¸©è‰ºæ™´)ğŸ»â˜€ï¸,https://live.douyin.com/Wenzaozao1109,Offline,
472,Wnr_3399.,ç»´å¦®å„¿DanceğŸ‘£,https://live.douyin.com/Wnr_3399.,Offline,
475,Ww23100,æŸ³äº‘ç¿ğŸŒ‹,https://live.douyin.com/Ww23100,Offline,
476,Wy987654y,è”æç™½å…°åœ°,https://live.douyin.com/Wy987654y,Offline,
477,WHFCBF,ä¸­å›½èˆå°ä»™å¥³ğŸ§šâ€â™€ï¸,https://live.douyin.com/WHFCBF,Offline,
478,WM899227,å¦©å¦™ä¹‹éŸ³,https://live.douyin.com/WM899227,Offline,
479,WQ_0307_,ä¸€æ¯å¯å¯ç¾å¼,https://live.douyin.com/WQ_0307_,Offline,
480,WRainT,æ¸©é›¨å½¤,https://live.douyin.com/WRainT,Offline,
481,WW5529.,zry,https://live.douyin.com/WW5529.,Offline,
482,WXC33333,ç‹å°è‰,https://live.douyin.com/WXC33333,Offline,
483,W05291,çº¯ä¼Šå–ğŸ¦Š,https://live.douyin.com/W05291,Offline,
484,W77LW,å–µå–µğŸ«§,https://live.douyin.com/W77LW,Offline,
485,Xddo20050815,é‚“ä»€ä¹ˆ,https://live.douyin.com/Xddo20050815,Offline,
486,Xiaolan5670,æ²¡æœ‰æ´¾æ´¾,https://live.douyin.com/Xiaolan5670,Offline,
487,Xiaomaomie666,äººé—´å°å¥¶çŒ«,https://live.douyin.com/Xiaomaomie666,Offline,
488,Xiaomi5200314,Luluç±³,https://live.douyin.com/Xiaomi5200314,Offline,
489,Xiaomm123.,æ•æ•mm,https://live.douyin.com/Xiaomm123.,Offline,
491,XingYi1111111111,SuperèŠ±èŠ±,https://live.douyin.com/XingYi1111111111,Offline,
492,XinYao7777,æ±Ÿé‘«ç‘¶,https://live.douyin.com/XinYao7777,Offline,
493,XueH99,è–›æ¶µHannahğŸ»,https://live.douyin.com/XueH99,Offline,
494,Xxii92599,æ¸…å˜‰ğŸ¦‹å¤ç­,https://live.douyin.com/Xxii92599,Offline,
495,Xxing20.,æ˜ŸğŸŒŸğŸŒŸğŸŒŸ(æ–°å¹´ç‰ˆ),https://live.douyin.com/Xxing20.,Offline,
497,Xyl521001,ä¸€ç‰‡æ¤°å­ç³ğŸ¥¥,https://live.douyin.com/Xyl521001,Offline,
498,XIER166,å–œå„¿,https://live.douyin.com/XIER166,Offline,
499,XSM18181888,Ou,https://live.douyin.com/XSM18181888,Offline,
500,XX112020,å°ç‘„ç‘„ğŸ¤ğŸ¹,https://live.douyin.com/XX112020,Offline,
501,XYXY_xyxy_520,æœˆä¸Šå°ç‰å…”ğŸŒ™,https://live.douyin.com/XYXY_xyxy_520,Offline,
503,Yanaiv,å¸ƒç³,https://live.douyin.com/Yanaiv,Offline,
504,Yanyan09_,å¦å¦â˜˜ï¸é’¢ç´,https://live.douyin.com/Yanyan09_,Offline,
505,Yd51212,,https://live.douyin.com/Yd51212,Offline,
506,Yf1027._.,éœå„¿,https://live.douyin.com/Yf1027._.,Offline,
507,Yh777c,è§ğŸ”¥,https://live.douyin.com/Yh777c,Offline,
508,YiMOMO_,ä»¥æ²«MOMO,https://live.douyin.com/YiMOMO_,Offline,
509,Yuan_xya,æ¸Šå°é›…ğŸª½(å¹´å‡ä¸å®šæ—¶å¼€æ’­,https://live.douyin.com/Yuan_xya,Offline,
511,Yue550330,æš–æœˆğŸŒ™,https://live.douyin.com/Yue550330,Offline,
512,Yunzai105,â˜ï¸äº‘å´½äº‘å´½ğŸ’ƒğŸ»,https://live.douyin.com/Yunzai105,Offline,
513,YunYipianoharp,ğŸ¹äº‘ä¸€â˜ï¸,https://live.douyin.com/YunYipianoharp,Offline,
514,Yu1201777,ä½™æ˜¯ä½™,https://live.douyin.com/Yu1201777,Offline,
515,YH00917,çº¸æ¡å„¿ğŸ—ï¸,https://live.douyin.com/YH00917,Offline,
516,YMG1234567890,ç¾Šç¾ŠåŒå­¦ğŸ‘,https://live.douyin.com/YMG1234567890,Offline,
517,YXX08127,å¦¤æ½‡æ½‡â°â¸Â¹Â²ç¬›ç®«,https://live.douyin.com/YXX08127,Offline,
518,YX112402,æ€¡æ¬£ğŸŒ»,https://live.douyin.com/YX112402,Offline,
519,YYZ52340,Lily_ğŸ(ä¼‘å‡ç‰ˆ),https://live.douyin.com/YYZ52340,Offline,
520,YZL7095,ä¸€æä¹,https://live.douyin.com/YZL7095,Offline,
521,Y741057,é¢–å„¿å¾ˆå“‡å¡ğŸ‘€(å›å®¶è¿‡å¹´ç‰ˆ),https://live.douyin.com/Y741057,Offline,
522,Zhouyangyang608,å‡¤ä¹ğŸŒ±,https://live.douyin.com/Zhouyangyang608,Offline,
523,ZmY1090298873,æ‚¦å®å„¿ğŸ¦·,https://live.douyin.com/ZmY1090298873,Offline,
524,Zzi1111,-Zz,https://live.douyin.com/Zzi1111,Offline,
525,Zzz000772,çŒ«å°å¥½,https://live.douyin.com/Zzz000772,Offline,
526,Zz1.30.,@LucyğŸ”¥,https://live.douyin.com/Zz1.30.,Offline,
527,Zz102102,éœœéœœ,https://live.douyin.com/Zz102102,Offline,
528,Zz9255y,å‘¨å°é›¨(502),https://live.douyin.com/Zz9255y,Offline,
529,ZHizhi06,ZèŠğŸ¸,https://live.douyin.com/ZHizhi06,Offline,
531,ZX132678,æœ±èŒœçš„å¤§æç´,https://live.douyin.com/ZX132678,Offline,
532,ZYJ2000908,èµµå–µå–µå–µ,https://live.douyin.com/ZYJ2000908,Offline,
533,ZYR122500,çµç¶-ç¥å„¿ğŸ·,https://live.douyin.com/ZYR122500,Offline,
534,Z02810li,ä¸€å—æµ·ç»µ,https://live.douyin.com/Z02810li,Offline,
535,Z9993211,æ¡ƒæ¡ƒğŸ‘,https://live.douyin.com/Z9993211,Offline,
536,000ioio,å…”äº†å“‡,https://live.douyin.com/000ioio,Offline,
538,03722.L,åˆ˜é›…æ¶µâœ¨,https://live.douyin.com/03722.L,Offline,
539,04lanlan0818,æ‡’æ‡’yoğŸ¬,https://live.douyin.com/04lanlan0818,Offline,
541,06301093zy,å­é€¸,https://live.douyin.com/06301093zy,Offline,
544,101883587,æ™“æ™“âµÂ²â¹âµ,https://live.douyin.com/101883587,Offline,
545,1030933333,ä¸åƒé±¼æ‘†æ‘†,https://live.douyin.com/1030933333,Offline,
546,1042812628,å°åˆ,https://live.douyin.com/1042812628,Offline,
548,1085209339,é¥ºå­å‘³çš„èèğŸ¥Ÿ,https://live.douyin.com/1085209339,Offline,
549,10988000,tinyWEI,https://live.douyin.com/10988000,Offline,
550,11aipaojiao8,è‹è‹susu,https://live.douyin.com/11aipaojiao8,Offline,
551,11ninixx.,å’šå¦®,https://live.douyin.com/11ninixx.,Offline,
552,110LlllLll,å’•å˜Ÿå®,https://live.douyin.com/110LlllLll,Offline,
553,1121087675,ææä¸åŠ å†°ğŸ§Š,https://live.douyin.com/1121087675,Offline,
554,11422915,å–µé…±ğŸˆVK,https://live.douyin.com/11422915,Offline,
555,11516357,å°å°ç‰›å¥¶æŸš,https://live.douyin.com/11516357,Offline,
556,1180401880,è¹¦è¿ªçš„å•¾å’ª,https://live.douyin.com/1180401880,Offline,
557,12000000K,å¼ è‹¥é›ª,https://live.douyin.com/12000000K,Offline,
558,121980820,åˆäº”ä¸å”±rap,https://live.douyin.com/121980820,Offline,
559,12218376,å¾®ä¸€ğŸ,https://live.douyin.com/12218376,Offline,
560,1224JY,å¤å°å¤©,https://live.douyin.com/1224JY,Offline,
561,1237337077,DJ_Leeé…±2æœˆ8ç”Ÿæ—¥æ´¾å¯¹,https://live.douyin.com/1237337077,Offline,
562,12621009,é›¨å´½,https://live.douyin.com/12621009,Offline,
563,12773075,å•µå•µç¦Q,https://live.douyin.com/12773075,Offline,
564,1278217979ai,å„’å„’,https://live.douyin.com/1278217979ai,Offline,
565,1307774050,Sisi,https://live.douyin.com/1307774050,Offline,
566,1313443080,ä¸€ä¸€ğŸ»,https://live.douyin.com/1313443080,Offline,
567,13142021153232.,è±ä¸€å–,https://live.douyin.com/13142021153232.,Offline,
568,1358668930,ç²¥ç²¥å‘€,https://live.douyin.com/1358668930,Offline,
569,136602457,å¤¹å¿ƒè±†èŠ½,https://live.douyin.com/136602457,Offline,
570,1396182608,è£´è€å¸ˆğŸ§‹,https://live.douyin.com/1396182608,Offline,
571,141823223,é›¨å©·-æ‹‰ä¸èˆğŸ’ƒ,https://live.douyin.com/141823223,Offline,
572,1512009749,é¦¬ç³,https://live.douyin.com/1512009749,Offline,
576,161616yun,â˜ï¸æ—ä¸€â˜ï¸ğŸ¹,https://live.douyin.com/161616yun,Offline,
577,16259431,02,https://live.douyin.com/16259431,Offline,
578,1628652176,æ¢¨é¥¿é¥¿ğŸ,https://live.douyin.com/1628652176,Offline,
579,16804829,éœ¸ç‹K__Katherine,https://live.douyin.com/16804829,Offline,
580,1680518237,zyhhğŸ¹,https://live.douyin.com/1680518237,Offline,
581,1685481181,,https://live.douyin.com/1685481181,Offline,
582,168970295,æ¡ƒæ¡ƒè®°äº‹æœ¬,https://live.douyin.com/168970295,Offline,
583,1689768,â€¦,https://live.douyin.com/1689768,Offline,
584,175355248,Q,https://live.douyin.com/175355248,Offline,
585,175604496,ç¾å,https://live.douyin.com/175604496,Offline,
586,1782035051,Auç¬‘ç¬‘,https://live.douyin.com/1782035051,Offline,
587,178436594,çƒçƒä½ äº†,https://live.douyin.com/178436594,Offline,
588,1799mtt,ç”°ç”°ğŸ’ƒä¼šè·³èˆ,https://live.douyin.com/1799mtt,Offline,
589,180erjiu,180ç–ç–,https://live.douyin.com/180erjiu,Offline,
591,188326552,æ¥ä¸€æ¯å¯ä¹âœ”,https://live.douyin.com/188326552,Offline,
592,19098822t,Like,https://live.douyin.com/19098822t,Offline,
593,1950326646,å“å‘¦Â²Â¹ğŸ¸,https://live.douyin.com/1950326646,Offline,
594,1979077373,èŠŠå¦¤ğŸ¤,https://live.douyin.com/1979077373,Offline,
595,1986319948,AMiÂ¹ç²’,https://live.douyin.com/1986319948,Offline,
596,198972833,RRä¼šæ‹‰å¤§æç´,https://live.douyin.com/198972833,Offline,
597,1991917199,å†°é•‡æ¤°æ¤°ğŸ¥¥,https://live.douyin.com/1991917199,Offline,
598,2000417LYT,è„†å¼±çš‡å¸,https://live.douyin.com/2000417LYT,Offline,
599,2002mini,å¼¥å¦®Mini,https://live.douyin.com/2002mini,Offline,
600,200211111zz,ç˜¦è‚‰ç²¥,https://live.douyin.com/200211111zz,Offline,
602,20030415..,æ†¨æ†¨å°æ¥ ,https://live.douyin.com/20030415..,Offline,
603,2003968859,è¥¿è¥¿ğŸ°,https://live.douyin.com/2003968859,Offline,
604,20040719xi,å…®å…®ä¸é¥¿å•¦,https://live.douyin.com/20040719xi,Offline,
606,2024baihe,å¸¦åˆºçš„ç™¾åˆ,https://live.douyin.com/2024baihe,Offline,
607,20313127146,æ™¯å°ç”œ,https://live.douyin.com/20313127146,Offline,
608,20342193755,Aä¸Šå»äº†,https://live.douyin.com/20342193755,Offline,
609,203561331,æ‹½æ‹½(ASMR),https://live.douyin.com/203561331,Offline,
610,20761827776,ä»»è¹è¹ğŸ¹piano,https://live.douyin.com/20761827776,Offline,
611,209483358,é›¶é›¶å£¹,https://live.douyin.com/209483358,Offline,
612,20981777848,é¥±é¥±(ä¸­å›½èˆ),https://live.douyin.com/20981777848,Offline,
613,209838707,xi,https://live.douyin.com/209838707,Offline,
616,213202415,å°ç±³é˜Ÿé•¿,https://live.douyin.com/213202415,Offline,
617,21402179619,å¨„é¦¨æ¬£,https://live.douyin.com/21402179619,Offline,
618,2174602086,è‰äºšğŸµ,https://live.douyin.com/2174602086,Offline,
619,21832651092,æœ¨å—å°æ€ªå…½,https://live.douyin.com/21832651092,Offline,
620,21851359900,G_å¾¡èŠ±ç¼˜,https://live.douyin.com/21851359900,Offline,
621,22040031394,ä¸‹é”…ç‚–è‚‰,https://live.douyin.com/22040031394,Offline,
622,22072911170,æ›¦æ›¦ğŸ¹,https://live.douyin.com/22072911170,Offline,
623,22177232729,ğŸ¹-å°çŸ­è…¿99,https://live.douyin.com/22177232729,Offline,
624,22935y,å°è¨€å¦ƒ,https://live.douyin.com/22935y,Offline,
625,23025940161,å‘½åå°é›ª,https://live.douyin.com/23025940161,Offline,
626,23139916924,é«˜å¤•å¦ğŸ‘»(ä¼‘æ¯å­¦èˆå•¦ï½),https://live.douyin.com/23139916924,Offline,
627,23149623222,é™ˆåœ†åœ†,https://live.douyin.com/23149623222,Offline,
628,23188868429,å°è¡Œæ˜ŸÂ²â·â·ğŸ’ƒ(å…»åˆ†ç‰ˆ),https://live.douyin.com/23188868429,Offline,
629,23458355085,æ™“ç’‡ğŸ°à½²à¾€,https://live.douyin.com/23458355085,Offline,
630,23630664908,æå¯»æ¬¢,https://live.douyin.com/23630664908,Offline,
631,23963005578,é›¾éœ­,https://live.douyin.com/23963005578,Offline,
632,23984611131,ä¸æ˜¯é˜¿èŒ¶,https://live.douyin.com/23984611131,Offline,
633,24100376392,å­œå†‰åŒå­¦,https://live.douyin.com/24100376392,Offline,
634,242136794zly,ç”œæ¬£,https://live.douyin.com/242136794zly,Offline,
635,24327769136,å°æ™º,https://live.douyin.com/24327769136,Offline,
636,249249168.,å°ç”œçŒªğŸ½ğŸ’ƒ,https://live.douyin.com/249249168.,Offline,
637,25060008924,ç§‹__ç§‹,https://live.douyin.com/25060008924,Offline,
638,25091097523,è´¦å·å·²æ³¨é”€,https://live.douyin.com/25091097523,Offline,
639,25327877185,è¯—å°å¥ˆ,https://live.douyin.com/25327877185,Offline,
640,25402582185,è´¦å·å·²æ³¨é”€,https://live.douyin.com/25402582185,Offline,
641,25558016538,ç§äººè€å¸ˆ2_0ç‰ˆ,https://live.douyin.com/25558016538,Offline,
642,25768200,èœèœå­_ğŸ¥¬,https://live.douyin.com/25768200,Offline,
643,25853337848,ç…¤æ°”ç½,https://live.douyin.com/25853337848,Offline,
644,25858858681,å¿ƒæƒ…å¾ˆæ„‰æ‚¦çš„äººç±»,https://live.douyin.com/25858858681,Offline,
645,26164640357,TTå¤§ç‹,https://live.douyin.com/26164640357,Offline,
646,26209724733,æŸ ä»€ä¹ˆæª¬ğŸ‹,https://live.douyin.com/26209724733,Offline,
647,26350315597,è™¾ä»ä¸çœ¨çœ¼ğŸ¤,https://live.douyin.com/26350315597,Offline,
648,26812254082,ç–¯æ‰¹ç¾äºº,https://live.douyin.com/26812254082,Offline,
650,27042583112,ä¸¸ä¸¸,https://live.douyin.com/27042583112,Offline,
651,27074682195,å®‹ä¾ç‘¶,https://live.douyin.com/27074682195,Offline,
652,27151860871,å­™å°é¢–,https://live.douyin.com/27151860871,Offline,
654,27229488493,æ²å®å‘€,https://live.douyin.com/27229488493,Offline,
655,273202552,èœ¡ç¬”å°çªğŸ¬,https://live.douyin.com/273202552,Offline,
656,27324367670,åƒè‚‰è‚‰å‘¢,https://live.douyin.com/27324367670,Offline,
657,27569459368,å°éƒ­ğŸ¹_ğŸ¹,https://live.douyin.com/27569459368,Offline,
658,28056092369,è–„è·å·(æ”¾å¹´å‡ç‰ˆ,https://live.douyin.com/28056092369,Offline,
659,28451213222,å–œä¹‹éƒçš„ç¾Š(2_14ç”Ÿæ—¥ç‰ˆ),https://live.douyin.com/28451213222,Offline,
660,28675906827,ä¸€åªç™½,https://live.douyin.com/28675906827,Offline,
661,28976923501,å°ä¹ä¹peri,https://live.douyin.com/28976923501,Offline,
662,29032209,éº¦èŠ½,https://live.douyin.com/29032209,Offline,
663,29072450297,æ —æ —lili,https://live.douyin.com/29072450297,Offline,
665,291545769,ç§‹é¹¤å•é£,https://live.douyin.com/291545769,Offline,
666,29205733258,æ³¡æ³¡è±†,https://live.douyin.com/29205733258,Offline,
667,29333754112,å°ä¹Œè‹ğŸ¦€ï¸,https://live.douyin.com/29333754112,Offline,
668,29424233060,èèå‘€,https://live.douyin.com/29424233060,Offline,
669,29555190,å°å°è‹ğŸˆ,https://live.douyin.com/29555190,Offline,
670,29595171,è¿™æ˜¯æ€çªå‘€ï½,https://live.douyin.com/29595171,Offline,
671,29685042936,äºŒå©·ğŸ§Ÿâ€â™€ï¸å›½èˆ(æ˜¥èŠ‚æ­£å¸¸æ’­),https://live.douyin.com/29685042936,Offline,
672,29691268619,å°å…å„¿(åŠªåŠ›ç‰ˆ),https://live.douyin.com/29691268619,Offline,
673,29753881331,å°æ³½,https://live.douyin.com/29753881331,Offline,
674,30088567258,è´¦å·å·²æ³¨é”€,https://live.douyin.com/30088567258,Offline,
675,30627612487,å°ä»™å¥³è¾›è¾›è…»,https://live.douyin.com/30627612487,Offline,
676,30641648777,è´¦å·å·²æ³¨é”€,https://live.douyin.com/30641648777,Offline,
677,30957100766,æ˜¯å°æ¬§âœŒï¸,https://live.douyin.com/30957100766,Offline,
678,31063437735,å¿ƒç¥ğŸ¤,https://live.douyin.com/31063437735,Offline,
679,31419497324,ğŸ¹ç©ºç©ºæ˜¯å°çŒ´å„¿,https://live.douyin.com/31419497324,Offline,
680,31573409708,å’Œä½ è“å®ŒğŸ«,https://live.douyin.com/31573409708,Offline,
681,31931958264,å°æ™´æ— å°å·ğŸ¹,https://live.douyin.com/31931958264,Offline,
682,320416569,è‹—ç–†å°‘å¥³-å°ç‘¶ğŸŒ»,https://live.douyin.com/320416569,Offline,
683,32085864399,å…æ©U_mi,https://live.douyin.com/32085864399,Offline,
684,32257977,ä¸‰å£é¦™èŠ‹ğŸ¥ª,https://live.douyin.com/32257977,Offline,
685,3239284868yx,X_uexue,https://live.douyin.com/3239284868yx,Offline,
686,3239284868yyyy,xueé›ª,https://live.douyin.com/3239284868yyyy,Offline,
687,32503526206,åª›åª›Donna,https://live.douyin.com/32503526206,Offline,
688,3281694,å¤§ç¾ğŸà½²à¾€,https://live.douyin.com/3281694,Offline,
689,33liki,San33,https://live.douyin.com/33liki,Offline,
690,335281543,@Aæƒ¹æå“¥-æ¯ä½ å¤©å ‚ğŸ’—ï½,https://live.douyin.com/335281543,Offline,
691,3407928w,å°ä¹çªğŸ’ƒ,https://live.douyin.com/3407928w,Offline,
692,34283689548,èŠŠç¥å¤ç­,https://live.douyin.com/34283689548,Offline,
693,34443292281,éŸ©æ¾æœˆğŸ¦‹,https://live.douyin.com/34443292281,Offline,
694,345283290,å¤©æ‰éœ¸æ€»,https://live.douyin.com/345283290,Offline,
696,34619755345,ä¸€å£ä¸€ä¸ªå…«å,https://live.douyin.com/34619755345,Offline,
697,34628688521,ç†™æºğŸ“,https://live.douyin.com/34628688521,Offline,
698,346647515,å“èˆ’æ™¨â˜€ï¸Vierra,https://live.douyin.com/346647515,Offline,
699,34724690078,å°ç†Šä¸å‡¶,https://live.douyin.com/34724690078,Offline,
700,3475170,åª›åª›ä¸æ–¹ğŸªˆğŸ”,https://live.douyin.com/3475170,Offline,
701,35057118764,NANAnaa,https://live.douyin.com/35057118764,Offline,
702,35345515691,å¹¸ç¦å»–,https://live.douyin.com/35345515691,Offline,
704,36007292434,ç±³å¥‡ç³ğŸ¶,https://live.douyin.com/36007292434,Offline,
705,36264029438,å¸å¥³,https://live.douyin.com/36264029438,Offline,
706,36386016777,æ°´èœœæ¡ƒæ¡ƒğŸ‘,https://live.douyin.com/36386016777,Offline,
707,36507589772,æ™´å®ğŸ¦¢,https://live.douyin.com/36507589772,Offline,
708,36614981124,è™å§¿â˜‚ï¸éª¨æŠ˜å…»ä¼¤ä¸­,https://live.douyin.com/36614981124,Offline,
709,3668835,æ±Ÿé¸Ÿã€,https://live.douyin.com/3668835,Offline,
710,36854724932,é‡‘æ³°å¦-,https://live.douyin.com/36854724932,Offline,
711,37dd1,37Â°3,https://live.douyin.com/37dd1,Offline,
712,37143918943,å¿ƒåŠ¨ä¸¶J,https://live.douyin.com/37143918943,Offline,
713,371903354,é©¬å¤´ç´ğŸ´å­™å¿«å¿«ğŸµ,https://live.douyin.com/371903354,Offline,
714,372117479,å‰ä»”çš„å…¨éŸ³ç¬¦ğŸ¹,https://live.douyin.com/372117479,Offline,
715,375279460,ç¡çœ å°ç¾ŠğŸ‘,https://live.douyin.com/375279460,Offline,
716,3773755,è‰è‰^^ğŸ’,https://live.douyin.com/3773755,Offline,
717,378539621,å‘¨èŠ·è‹¥ç‡ƒè„‚è®­ç»ƒ,https://live.douyin.com/378539621,Offline,
718,38140519478,çˆ±ä¸½ä¸å„¿ğŸ¹,https://live.douyin.com/38140519478,Offline,
719,381963370,áƒ¦á¯¤ä¾ç„¶Ê¸áµ’áµ˜,https://live.douyin.com/381963370,Offline,
720,38210844531,å…”å­å°å§,https://live.douyin.com/38210844531,Offline,
721,38332228121,è´¦å·å·²æ³¨é”€,https://live.douyin.com/38332228121,Offline,
722,38523147964,å¸ŒéŸ³,https://live.douyin.com/38523147964,Offline,
723,387574708,å°äº¦å¤§å¤§ç‹,https://live.douyin.com/387574708,Offline,
725,39171841279,39171841279,https://live.douyin.com/39171841279,Offline,
727,39285484784,æµæµªå®…,https://live.douyin.com/39285484784,Offline,
728,39392230348,é¦…é¦…,https://live.douyin.com/39392230348,Offline,
730,39460532400,è´¦å·å·²æ³¨é”€,https://live.douyin.com/39460532400,Offline,
731,39735756357,çµå„¿ğŸ°,https://live.douyin.com/39735756357,Offline,
732,40074555yy,å°é›¨å¤©æ°”mo,https://live.douyin.com/40074555yy,Offline,
733,40111008375,è´¦å·å·²æ³¨é”€,https://live.douyin.com/40111008375,Offline,
735,40450497419,è‰é›…,https://live.douyin.com/40450497419,Offline,
736,40451494763,ç™½é¹­ğŸ•Š,https://live.douyin.com/40451494763,Offline,
737,40818756724,é—ªå…‰ç‰›å ¡å ¡âœ¨,https://live.douyin.com/40818756724,Offline,
738,41235214281,é¢‚ä¼Š,https://live.douyin.com/41235214281,Offline,
739,41275895935,è´è´ç†ŠğŸ»(å›½èˆç‰ˆ),https://live.douyin.com/41275895935,Offline,
740,42077912804,è»’å°¼è©©_Richard,https://live.douyin.com/42077912804,Offline,
741,42089759513,ğŸŒ™æœˆå°æ™´â˜€ï¸,https://live.douyin.com/42089759513,Offline,
742,42249505959,å¯è¾£,https://live.douyin.com/42249505959,Offline,
744,42330980832,çˆ±å–å¥¶èŒ¶çš„æš–ç¾Šç¾Š,https://live.douyin.com/42330980832,Offline,
745,42766523751,å£«å¤šå•¤æ¢¨S,https://live.douyin.com/42766523751,Offline,
746,43143602678,è´¦å·å·²æ³¨é”€,https://live.douyin.com/43143602678,Offline,
747,43685241686,yayaç‰™ğŸ¦·,https://live.douyin.com/43685241686,Offline,
748,43755053543,è´¦å·å·²æ³¨é”€,https://live.douyin.com/43755053543,Offline,
749,4420398douzi,è±†å­ğŸ¥,https://live.douyin.com/4420398douzi,Offline,
751,44936119,å¸ç³æ¶µ(,https://live.douyin.com/44936119,Offline,
752,45008930789,å°è°­åŒå­¦,https://live.douyin.com/45008930789,Offline,
753,45015037213,å‘¼å«æ˜Ÿæ˜Ÿ,https://live.douyin.com/45015037213,Offline,
754,45249855593,å•å¥½å¥½ğŸª,https://live.douyin.com/45249855593,Offline,
755,45375511552,æ¢¦ç‘¶â¤ï¸,https://live.douyin.com/45375511552,Offline,
756,45391283911,æ±Ÿå‡,https://live.douyin.com/45391283911,Offline,
757,45803058764,é›ªé›·é›·,https://live.douyin.com/45803058764,Offline,
758,45898111357,FelizğŸ„,https://live.douyin.com/45898111357,Offline,
760,46418151674,æ—ä¸€ä¸€,https://live.douyin.com/46418151674,Offline,
761,46533804249,å‡¡çš„å·¥ä½œå®¤,https://live.douyin.com/46533804249,Offline,
762,4663570,å¦‚æ„å­¦å§ğŸ¼,https://live.douyin.com/4663570,Offline,
763,47036762676,æ€»è£-(ç§˜ä¹¦ç‰ˆ,https://live.douyin.com/47036762676,Offline,
764,47145222554,é—¯å…³å°ç¾ç¾Š,https://live.douyin.com/47145222554,Offline,
765,47160363557,è´¦å·å·²æ³¨é”€,https://live.douyin.com/47160363557,Offline,
766,47451704,æ€æ€åŒå­¦,https://live.douyin.com/47451704,Offline,
767,47601497707,çŠçŠğŸ’¤,https://live.douyin.com/47601497707,Offline,
768,47723430916,è´¦å·å·²æ³¨é”€,https://live.douyin.com/47723430916,Offline,
770,48230399085,å°è…°ç²¾i,https://live.douyin.com/48230399085,Offline,
771,48337118238,å°å¶å­ğŸƒ,https://live.douyin.com/48337118238,Offline,
772,48639985983,è´¦å·å·²æ³¨é”€,https://live.douyin.com/48639985983,Offline,
773,48647419,ä¹ä¹(åé›ªè“‰),https://live.douyin.com/48647419,Offline,
774,4865362,Pang_DiğŸª¶,https://live.douyin.com/4865362,Offline,
775,48712288332,è¶…è¶…ç†Š,https://live.douyin.com/48712288332,Offline,
776,49195207143,å‡ŒèŒœ(2æœˆ4å·æ—©ä¸Š10_30æ˜¥ä¸Šæ–°,https://live.douyin.com/49195207143,Offline,
777,49440274793,è·‘è°ƒç‰™,https://live.douyin.com/49440274793,Offline,
778,50020597404,èœ¡ç¬”å°æ†¨æ†¨,https://live.douyin.com/50020597404,Offline,
779,50433235017,æ¸…æœˆâ˜ï¸,https://live.douyin.com/50433235017,Offline,
780,50571932334,èµµè€å„¿,https://live.douyin.com/50571932334,Offline,
781,50715561360,Yyear,https://live.douyin.com/50715561360,Offline,
782,5074338,å¤§æç´ğŸµRonyè‚‰è‚‰,https://live.douyin.com/5074338,Offline,
783,50818737641,å°‘åƒä¸€é¡¿ä¹åæ–¤,https://live.douyin.com/50818737641,Offline,
784,5089191,å«æˆ‘å°è‰è“å°±å¥½å•¦,https://live.douyin.com/5089191,Offline,
785,51044546913,é›¯é›¯å°”é›…ğŸ“,https://live.douyin.com/51044546913,Offline,
786,51231885519,æ›Œå,https://live.douyin.com/51231885519,Offline,
787,51243679573,å¤ç´ä¸€éœ,https://live.douyin.com/51243679573,Offline,
788,51420801,Rui,https://live.douyin.com/51420801,Offline,
790,520kx1006,å¯æ¬£å„¿,https://live.douyin.com/520kx1006,Offline,
791,52006yy,æˆ‘ä¸å¦®å§ğŸ¯,https://live.douyin.com/52006yy,Offline,
792,52100455925,çº¯å…ƒ,https://live.douyin.com/52100455925,Offline,
793,52312119728,æ¸…æ¸…ğŸ°,https://live.douyin.com/52312119728,Offline,
794,5238276,Vickyä¸ƒä¸ƒâ›“ï¸,https://live.douyin.com/5238276,Offline,
795,52685995833,hello_77,https://live.douyin.com/52685995833,Offline,
796,52831686059,å‘¨èŠ·è‹¥ğŸŒ¸(é»‘åŒ–ç‰ˆ),https://live.douyin.com/52831686059,Offline,
797,52960140844,å°åœ†åŒå­¦,https://live.douyin.com/52960140844,Offline,
798,52983788285,æˆ‘æ˜¯æœæœğŸ¥­,https://live.douyin.com/52983788285,Offline,
799,53365351866,æ¡ƒè¯—è¯—Venus,https://live.douyin.com/53365351866,Offline,
800,53679304749,åœŸè±†ğŸ©°(ä¸­å›½èˆ),https://live.douyin.com/53679304749,Offline,
801,53775000404,ç§‹é£è§ç‘Ÿ,https://live.douyin.com/53775000404,Offline,
802,53964788071,é…±é…±ovo,https://live.douyin.com/53964788071,Offline,
803,54009289078,å…ƒæ°”UU,https://live.douyin.com/54009289078,Offline,
804,54334598,åæ³¡æ³¡,https://live.douyin.com/54334598,Offline,
805,54469371419,æ‹‚èŠ±,https://live.douyin.com/54469371419,Offline,
806,54491886250,è´¦å·å·²æ³¨é”€,https://live.douyin.com/54491886250,Offline,
807,54508183035,å°æ¬£ç¾äºº,https://live.douyin.com/54508183035,Offline,
808,5475124,æœˆäº®ç¡ç€äº†ğŸŒ™,https://live.douyin.com/5475124,Offline,
809,54855785841,ç›®å¤•ğŸ¹,https://live.douyin.com/54855785841,Offline,
810,54873316729,è‘±è‘±,https://live.douyin.com/54873316729,Offline,
811,55115297281,è‹èˆ,https://live.douyin.com/55115297281,Offline,
812,55315051782,å†°å†°é¥±é¥±,https://live.douyin.com/55315051782,Offline,
813,55915442359,AD,https://live.douyin.com/55915442359,Offline,
814,56312639xy,,https://live.douyin.com/56312639xy,Offline,
815,56368353511,ç¬‘ç¬‘,https://live.douyin.com/56368353511,Offline,
816,56378993220,è´¦å·å·²æ³¨é”€,https://live.douyin.com/56378993220,Offline,
817,56689422499,è´¦å·å·²æ³¨é”€,https://live.douyin.com/56689422499,Offline,
818,56713824496,å”é¢–RaincyğŸ«§,https://live.douyin.com/56713824496,Offline,
819,569117046,é…¥è„†é¥¼å¹²,https://live.douyin.com/569117046,Offline,
820,56914116876,èœ¡ç¬”å°æŸ’ğŸ–ï¸,https://live.douyin.com/56914116876,Offline,
821,57041867193,ç¾å°å¦®,https://live.douyin.com/57041867193,Offline,
822,5715300,å°é½å¾—éš†å’šğŸ¥,https://live.douyin.com/5715300,Offline,
823,57202938253,è‰¾_5ğŸ’“,https://live.douyin.com/57202938253,Offline,
824,57207776565,äºŒè›‹è¶…äºº,https://live.douyin.com/57207776565,Offline,
825,57391623,ç’å´½å£°æ§åŠ©çœ ğŸŒ¼åŠ ç­ç‰ˆ,https://live.douyin.com/57391623,Offline,
826,57406799515,é­šæ¼«æ¼«,https://live.douyin.com/57406799515,Offline,
827,57766632225,è°·è°·ğŸ•Šï¸,https://live.douyin.com/57766632225,Offline,
828,57785511240,å­æ¶µ_å¤ç­âœ¨,https://live.douyin.com/57785511240,Offline,
829,58330447497,å…ƒæ°”ç”œç”œç”œğŸ’,https://live.douyin.com/58330447497,Offline,
830,58353153531,è´¦å·å·²æ³¨é”€,https://live.douyin.com/58353153531,Offline,
831,58688289940,èŠŠä¸€,https://live.douyin.com/58688289940,Offline,
832,58814359563,å¼ å¼ ç¡ä¸é†’ğŸ’¤,https://live.douyin.com/58814359563,Offline,
833,588678350,é­”éƒ½å°åå(å…»åˆ†ä¸­),https://live.douyin.com/588678350,Offline,
834,59320413134,12Showç§€,https://live.douyin.com/59320413134,Offline,
836,59368405308,å¸ƒè°·é¸Ÿ,https://live.douyin.com/59368405308,Offline,
837,59377403,å°é±¼å°å¦¤,https://live.douyin.com/59377403,Offline,
838,59575728052,åœˆåœˆğŸ¹,https://live.douyin.com/59575728052,Offline,
839,59626018525,å°æ¢¦ğŸ§šä¸­å›½èˆ,https://live.douyin.com/59626018525,Offline,
842,60377673921,é›ªå¦ğŸ’ƒ(æ‹‰ä¸èˆ),https://live.douyin.com/60377673921,Offline,
843,60458670214,Danceé±¼ä¸€ä¸€,https://live.douyin.com/60458670214,Offline,
844,60467371769,å¤§ç¾çš„değŸ’ƒä¸­å›½èˆ,https://live.douyin.com/60467371769,Offline,
845,60587024910,è•Šè•Š,https://live.douyin.com/60587024910,Offline,
846,60661281635,æœ¨å—å—,https://live.douyin.com/60661281635,Offline,
847,60901615668,é­è«å­,https://live.douyin.com/60901615668,Offline,
848,61212788627,é»å´½,https://live.douyin.com/61212788627,Offline,
849,61428799995,è±¡è±¡å®,https://live.douyin.com/61428799995,Offline,
851,61682232614,é‡åŸè‘µ-,https://live.douyin.com/61682232614,Offline,
852,62193699429,yi,https://live.douyin.com/62193699429,Offline,
853,62232697,ä½ çš„å°å›,https://live.douyin.com/62232697,Offline,
854,62241728827,å‘¨å°å¯ä»¥ğŸ‘ŒğŸ»,https://live.douyin.com/62241728827,Offline,
856,62266236476,ç³•å†·å°å‡Œ,https://live.douyin.com/62266236476,Offline,
857,63005873100,å“ç„¶,https://live.douyin.com/63005873100,Offline,
858,63076590945,æƒ å­å­¦å§,https://live.douyin.com/63076590945,Offline,
859,63134768062,åä¸‰Â¹Â³ğŸ’ƒæ‹‰ä¸èˆ,https://live.douyin.com/63134768062,Offline,
861,63223744388,ä¸€åªå°çš®çŒ´ğŸ™Š,https://live.douyin.com/63223744388,Offline,
862,63254874068,å°é’å°ç™½2_0,https://live.douyin.com/63254874068,Offline,
863,63503769325,å¤šç‚¹,https://live.douyin.com/63503769325,Offline,
864,63563398872,è´¦å·å·²æ³¨é”€,https://live.douyin.com/63563398872,Offline,
865,63661022205,Juuu,https://live.douyin.com/63661022205,Offline,
866,63935873956,zz,https://live.douyin.com/63935873956,Offline,
867,64224810196,å¥¶é¦™æ¤°å­æ±ğŸ¥¥,https://live.douyin.com/64224810196,Offline,
868,64426DY,æ³½æ³½å•Š,https://live.douyin.com/64426DY,Offline,
869,652885199M,å¤å°æ™šğŸ¤,https://live.douyin.com/652885199M,Offline,
870,65383205184,å¤¢,https://live.douyin.com/65383205184,Offline,
871,65424371365,çº¯æƒœğŸ¦‹,https://live.douyin.com/65424371365,Offline,
872,65706992997,æ¡ƒå­,https://live.douyin.com/65706992997,Offline,
873,65727711891,è§£é”å¡,https://live.douyin.com/65727711891,Offline,
874,659682902,é’±æœµæœµ,https://live.douyin.com/659682902,Offline,
875,66075181296,å¤ç­ç‘¶ç‘¶,https://live.douyin.com/66075181296,Offline,
876,661QQ,æ¤°å­ğŸŠ,https://live.douyin.com/661QQ,Offline,
878,662717yy23,è‹æ–‡è‰º,https://live.douyin.com/662717yy23,Offline,
880,66411383021,å‡Œä¾çº¯ğŸ„,https://live.douyin.com/66411383021,Offline,
882,666XZE888,è‚–æ›Œå„¿,https://live.douyin.com/666XZE888,Offline,
883,666888hh99,æ™—è‰ºğŸ¦‹,https://live.douyin.com/666888hh99,Offline,
884,67479187585,å¤•ç‘¶ğŸŠ,https://live.douyin.com/67479187585,Offline,
885,67635800546,Crayon,https://live.douyin.com/67635800546,Offline,
886,67885036782,æå˜‰é¹­ğŸ¦ŒğŸ¦Œâ°Â³Â²â¹,https://live.douyin.com/67885036782,Offline,
887,68111146803,è›‹åŒ…é¥­å¦¹å¦¹,https://live.douyin.com/68111146803,Offline,
888,68234473409,æ½®æµå—ç¬™,https://live.douyin.com/68234473409,Offline,
890,68346770300,é˜¿æœˆğŸŒ™,https://live.douyin.com/68346770300,Offline,
891,68440467882,è”ææ°´èœœæ¡ƒ,https://live.douyin.com/68440467882,Offline,
892,68587673604,æ¢¦èŒ¹(ä¸­å›½èˆ)ğŸ’ƒ,https://live.douyin.com/68587673604,Offline,
893,686868mhb,å‰å¥³å‹,https://live.douyin.com/686868mhb,Offline,
894,68969072189,ä¸€é¢—ç”œå¨‡å‘€,https://live.douyin.com/68969072189,Offline,
895,69030989980,æ¨å“ˆå“ˆ,https://live.douyin.com/69030989980,Offline,
896,69081073340,å¥‡è¿¹å©‰å©‰,https://live.douyin.com/69081073340,Offline,
897,69146370867,éšä¾¿ğŸ¦,https://live.douyin.com/69146370867,Offline,
898,69461208,Viko,https://live.douyin.com/69461208,Offline,
900,69558422000,ç”œå¿ƒä»”,https://live.douyin.com/69558422000,Offline,
901,69692970009,æ˜Ÿå‘†éœ²^_ğŸ°,https://live.douyin.com/69692970009,Offline,
903,70134541975,å¤ç­å…å„¿ğŸŠ,https://live.douyin.com/70134541975,Offline,
905,70590836189,ç¬¨ç¬¨æœ‰ç‚¹ç”œ_ğŸ©,https://live.douyin.com/70590836189,Offline,
906,70676978511,ä¸‡å® å„¿ğŸ‘,https://live.douyin.com/70676978511,Offline,
908,70784115524,çˆ±ä¸½ä¸,https://live.douyin.com/70784115524,Offline,
909,70853996927,é—»å›ğŸğŸ‰,https://live.douyin.com/70853996927,Offline,
910,70983017521,è´¦å·å·²æ³¨é”€,https://live.douyin.com/70983017521,Offline,
911,71362689542,æ¬£ç³–ğŸ¬,https://live.douyin.com/71362689542,Offline,
912,7150371,å®‡æ™ºæ³¢æ¸…æ¸…,https://live.douyin.com/7150371,Offline,
913,71785023231,ç‘¶ç‘¶ä¹ğŸ’ƒ,https://live.douyin.com/71785023231,Offline,
914,72077719508,è´¦å·å·²æ³¨é”€,https://live.douyin.com/72077719508,Offline,
915,72123089578_,,https://live.douyin.com/72123089578_,Offline,
916,72164750,å°é™¶å­,https://live.douyin.com/72164750,Offline,
917,72234689274,UUğŸ‹,https://live.douyin.com/72234689274,Offline,
918,72527584152,ä¹ä¹o,https://live.douyin.com/72527584152,Offline,
919,73065751356,æ±Ÿå½±å„¿ğŸ¹,https://live.douyin.com/73065751356,Offline,
920,73127858066,æ™šè¤ğŸ§šğŸ»,https://live.douyin.com/73127858066,Offline,
921,73170769753,Nuna,https://live.douyin.com/73170769753,Offline,
922,73538931175,æ™¨æ›¦å¤ç­âœ¨,https://live.douyin.com/73538931175,Offline,
923,73584684079,è¥¿ç±³éœ²,https://live.douyin.com/73584684079,Offline,
924,73740505708,è‡´å¦âœˆï¸,https://live.douyin.com/73740505708,Offline,
925,73745781810,è´¦å·å·²æ³¨é”€,https://live.douyin.com/73745781810,Offline,
926,74304777132,å•µæ¯”å•µğŸ”‹,https://live.douyin.com/74304777132,Offline,
927,74515340800,æè‹¥å½¤ğŸ¹Â¹Â¹â°â¹,https://live.douyin.com/74515340800,Offline,
928,74544384974,å·å¿ƒä¹æœˆå¤©,https://live.douyin.com/74544384974,Offline,
929,74783994080,è´¦å·å·²æ³¨é”€,https://live.douyin.com/74783994080,Offline,
932,7487907,å®å®168,https://live.douyin.com/7487907,Offline,
933,75290431263,Jadeé…’ç–,https://live.douyin.com/75290431263,Offline,
935,75723721227,é˜¿é‡Œå˜å¤šæææ¡‘,https://live.douyin.com/75723721227,Offline,
936,75793748236,é‡‘ä¸»ä»»,https://live.douyin.com/75793748236,Offline,
937,7599968Y,äº¿æ¨,https://live.douyin.com/7599968Y,Offline,
939,76615719233,ğŸŠç”œæ©™æ±er,https://live.douyin.com/76615719233,Offline,
940,76675806073,é¦™ä¸ƒä¸ƒå‘€_aini,https://live.douyin.com/76675806073,Offline,
941,76774407042,ç¡çœ ç”µå•µğŸ’¤,https://live.douyin.com/76774407042,Offline,
942,77cc_2024,æŸ’æŸ’ğŸ ,https://live.douyin.com/77cc_2024,Offline,
943,77devi,æš´èµ°å“¥æ–¯å‘,https://live.douyin.com/77devi,Offline,
944,77053936362,é«˜é™é¦™ğŸ¹,https://live.douyin.com/77053936362,Offline,
945,7758258xiaotui,ä½›å±±å¸‚å¸ƒäºç¡®äºŒæœ‰é™å…¬å¸,https://live.douyin.com/7758258xiaotui,Offline,
946,77649900792,æ´›æ´›å¤§é­”ç‹ğŸ’ƒğŸ˜ˆ,https://live.douyin.com/77649900792,Offline,
947,777582587,SasaåŒå­¦ğŸ¹,https://live.douyin.com/777582587,Offline,
948,7777xixixi.,,https://live.douyin.com/7777xixixi.,Offline,
949,78010447229,æ¾„æ‡¿,https://live.douyin.com/78010447229,Offline,
950,78091791903,é›…æ™®æˆ·å¤–,https://live.douyin.com/78091791903,Offline,
951,78130712380,å˜‰ç¥º,https://live.douyin.com/78130712380,Offline,
953,78241855664,å‘¨ç´¢ç´¢,https://live.douyin.com/78241855664,Offline,
954,78509977912,æœˆå„¿ğŸ¦¢é’¢ç´(å›å®¶è¿‡å¹´ç‰ˆ),https://live.douyin.com/78509977912,Offline,
955,78585379935,ç”œå´½,https://live.douyin.com/78585379935,Offline,
956,78729395232,æ£ æ²¡äº†,https://live.douyin.com/78729395232,Offline,
959,79048152394,è´¦å·å·²æ³¨é”€,https://live.douyin.com/79048152394,Offline,
960,79091771970,è´¦å·å·²æ³¨é”€,https://live.douyin.com/79091771970,Offline,
961,79689328777,ç³–å¿ƒè›‹,https://live.douyin.com/79689328777,Offline,
962,79711599803,æ–°ç‘¶,https://live.douyin.com/79711599803,Offline,
963,79734515808,ğŸ€Ruiè•ŠğŸ€,https://live.douyin.com/79734515808,Offline,
964,79918721929,å¨œç¬”å°æ–°ğŸ½âœ¨,https://live.douyin.com/79918721929,Offline,
965,8_.7,æœ¨mu,https://live.douyin.com/8_.7,Offline,
966,80370811141,è°·ç²’ä¸æ˜¯é¼“åŠ±,https://live.douyin.com/80370811141,Offline,
967,805you,æŸšæŸšcc,https://live.douyin.com/805you,Offline,
968,80506242144,å°æ¸…ç¨ğŸŒ¾,https://live.douyin.com/80506242144,Offline,
970,80863625400,å©‰å©‰ğŸ’¤,https://live.douyin.com/80863625400,Offline,
971,81278994532,è¥¿ç±³Lu,https://live.douyin.com/81278994532,Offline,
972,8153247,å¦®å„¿NierrrğŸ’ƒ,https://live.douyin.com/8153247,Offline,
973,81666282,ç½—é›…ç†™,https://live.douyin.com/81666282,Offline,
974,8181720,æ…§æ…§ğŸ’ƒ,https://live.douyin.com/8181720,Offline,
975,82218553895,æ˜¯äº‘ä¸æ˜¯äº‘,https://live.douyin.com/82218553895,Offline,
977,82473808881,é˜¿åšä¸˜ä¸˜,https://live.douyin.com/82473808881,Offline,
978,82491513235,å®—è•Šzr,https://live.douyin.com/82491513235,Offline,
979,82597355,æ´¾å°æœˆ-,https://live.douyin.com/82597355,Offline,
981,82917300405,Dd,https://live.douyin.com/82917300405,Offline,
982,83672268343,å—åˆÂ¹â°â¸,https://live.douyin.com/83672268343,Offline,
983,83733358831,ğŸ¬å˜‰ä¸€_ä¸ƒåˆ†ç³–ğŸ¬,https://live.douyin.com/83733358831,Offline,
984,84045551852,å®«å–œGiağŸ»,https://live.douyin.com/84045551852,Offline,
985,84144850187,æ—ä¹å„¿ğŸ¹,https://live.douyin.com/84144850187,Offline,
986,84189426131,ä¹”å‡¯å¸Œçš„ä»™å¥³æ£’ğŸ¶,https://live.douyin.com/84189426131,Offline,
987,84885624445,å¼ ç§˜ä¹¦ğŸ«§,https://live.douyin.com/84885624445,Offline,
988,85023589499,è´¦å·å·²æ³¨é”€,https://live.douyin.com/85023589499,Offline,
989,85039760582,èˆè¿·è¿·(å›å®¶è¿‡å¹´ç‰ˆ,https://live.douyin.com/85039760582,Offline,
990,85115294884,ç»µç¾ŠğŸ‘,https://live.douyin.com/85115294884,Offline,
991,85124232716,ä½³å‰,https://live.douyin.com/85124232716,Offline,
992,85241013393,ç”¨æˆ·85241013393,https://live.douyin.com/85241013393,Offline,
993,85294170993,é›¶å¡ç³–,https://live.douyin.com/85294170993,Offline,
994,85401881468,ç”œå¾·è‰å¨œğŸ¦‹,https://live.douyin.com/85401881468,Offline,
995,85573537281,å°å¤åŒå­¦ğŸ’,https://live.douyin.com/85573537281,Offline,
996,85842573691,åˆéŸ³å¤§æç´,https://live.douyin.com/85842573691,Offline,
997,86712841,1å—é»„æ²¹ğŸ§ˆ,https://live.douyin.com/86712841,Offline,
998,87329062921,ç™½ç³–ç³•ğŸ‡ğŸ§,https://live.douyin.com/87329062921,Offline,
999,87812405383,æ¤°æ±yeezy,https://live.douyin.com/87812405383,Offline,
1000,87850012047,ä¸€ä¸ªX,https://live.douyin.com/87850012047,Offline,
1001,87984180430,åäº”çš„ä¸€,https://live.douyin.com/87984180430,Offline,
1002,88YY0718,å°8ä¹–ä¹–â·_Â¹_â¸,https://live.douyin.com/88YY0718,Offline,
1003,88337584438,è¯ºè¯º,https://live.douyin.com/88337584438,Offline,
1004,88516532061,å¿˜å´½ç‰›å¥¶ï½,https://live.douyin.com/88516532061,Offline,
1005,88539895209,è‹¥ç³Pepper,https://live.douyin.com/88539895209,Offline,
1007,888888_lucky,ç”œä¸è¾£è¾£ğŸ€,https://live.douyin.com/888888_lucky,Offline,
1008,89247278669,èˆè€…ä¸¹å¿ğŸ’ƒ,https://live.douyin.com/89247278669,Offline,
1009,894319137i0u,è±†åŒ…m,https://live.douyin.com/894319137i0u,Offline,
1010,89772972429,å°è•Šç‘¶(å¹´åå¤æ’­),https://live.douyin.com/89772972429,Offline,
1011,89941235835,ææ‹‰ç§˜ä¹¦,https://live.douyin.com/89941235835,Offline,
1012,9y_9,ç–æœˆğŸŒ›,https://live.douyin.com/9y_9,Offline,
1013,90591053299,å°é›…YağŸ¹ğŸ¼(è¿‡å¹´ä¼‘æ¯ä¸­),https://live.douyin.com/90591053299,Offline,
1014,90705024134,è”æç‹å®¶å¤§é™¢,https://live.douyin.com/90705024134,Offline,
1015,90801887644,å¼€å¿ƒç»µç»µ,https://live.douyin.com/90801887644,Offline,
1016,90833481546,äºŒèƒ¡ç¥ç¥,https://live.douyin.com/90833481546,Offline,
1018,91126319729,ç•¥ç•¥å¤§æç´ğŸ»,https://live.douyin.com/91126319729,Offline,
1019,912040149,é™ˆè‹±,https://live.douyin.com/912040149,Offline,
1020,916215i,Oæ³¡æœå¥¶ï½,https://live.douyin.com/916215i,Offline,
1021,91647805277,lizzieleeğŸ™ï¸,https://live.douyin.com/91647805277,Offline,
1022,91793600896,ç‹èˆŸä¸€ğŸª·,https://live.douyin.com/91793600896,Offline,
1023,91969134359,æ— è¯­çš„èœæ±¤,https://live.douyin.com/91969134359,Offline,
1025,92531934450,ä¸‡ä¼ŠğŸ¹ğŸ‘,https://live.douyin.com/92531934450,Offline,
1026,931563537,å°å…ƒå®ğŸ’,https://live.douyin.com/931563537,Offline,
1027,93505305774,å°å°¤æ¼«æ›²,https://live.douyin.com/93505305774,Offline,
1028,93551168782,è¾£æ¤’ğŸŒ¶ï¸,https://live.douyin.com/93551168782,Offline,
1029,93570899958,å¥¶èŒ¶å¦¹å¦¹â˜€ï¸,https://live.douyin.com/93570899958,Offline,
1030,93960537894,å–œåº†çš„æ¦¨èœ,https://live.douyin.com/93960537894,Offline,
1032,94017030718,åä¸€Iris,https://live.douyin.com/94017030718,Offline,
1033,94282481492,å¼ å“ˆå“ˆâ˜€ï¸,https://live.douyin.com/94282481492,Offline,
1034,94464214334,é‡‘ç›ä¸½,https://live.douyin.com/94464214334,Offline,
1035,944946311,é˜¿è´å¤ç­,https://live.douyin.com/944946311,Offline,
1036,94640030,å°å¼ å”±æ­Œä¸è·‘è°ƒ,https://live.douyin.com/94640030,Offline,
1037,948066704,ç«¥å®_ğŸ“,https://live.douyin.com/948066704,Offline,
1038,94965990225,æ¬§å°¼_å©‰,https://live.douyin.com/94965990225,Offline,
1039,95025886754,å¸•æ°æ°,https://live.douyin.com/95025886754,Offline,
1040,95422848756,è´¦å·å·²æ³¨é”€,https://live.douyin.com/95422848756,Offline,
1041,95473581975,æ›¼æ›¼ğŸ°,https://live.douyin.com/95473581975,Offline,
1042,95675244669,UU,https://live.douyin.com/95675244669,Offline,
1043,9628781YY,è¡£ä¾U,https://live.douyin.com/9628781YY,Offline,
1044,96289008893,å‘†å‘†ã€,https://live.douyin.com/96289008893,Offline,
1045,96462924300,æŸ¯å£å¯ç³¯,https://live.douyin.com/96462924300,Offline,
1046,97182718871.,,https://live.douyin.com/97182718871.,Offline,
1047,97211388,æ€¡å®ğŸ¹,https://live.douyin.com/97211388,Offline,
1048,97312766983,å¨œå¨œå­ğŸ¹,https://live.douyin.com/97312766983,Offline,
1049,97442708906,ğŸŒŠéŸ³å¸ŒSunnyâ˜€ï¸,https://live.douyin.com/97442708906,Offline,
1050,97521326746,ç¢ç¢å¿µ,https://live.douyin.com/97521326746,Offline,
1051,97786000603,è´¦å·å·²æ³¨é”€,https://live.douyin.com/97786000603,Offline,
1052,98120225753,å®‹ä¼ŠæœğŸ©°(ç‰›é©¬ç‰ˆ),https://live.douyin.com/98120225753,Offline,
1053,98172246745,ç¨‹å¸†ğŸŠå¤ç­,https://live.douyin.com/98172246745,Offline,
1054,98278434753,çˆ±ä¸ŠMia,https://live.douyin.com/98278434753,Offline,
1055,98315526847,é²¸è½ğŸ§šâ€â™€ï¸(å·²è€å®),https://live.douyin.com/98315526847,Offline,
1056,98601345310,ç¥ç§˜äºº885650,https://live.douyin.com/98601345310,Offline,
1057,98712592629,å°å°ä¸å–å¯ä¹,https://live.douyin.com/98712592629,Offline,
1058,98836637218,è‹è‹çˆ±è·³èˆğŸ§šğŸ»â€â™€ï¸1æœˆ16æ—¥ç”Ÿæ—¥ç‰ˆ,https://live.douyin.com/98836637218,Offline,
1059,98840791227,åˆƒä¸‹å¿ƒ,https://live.douyin.com/98840791227,Offline,
1060,988661528,ç§¦å©‰å¿ƒ,https://live.douyin.com/988661528,Offline,
1061,99xj9999,å°é‡‘å®âœ¨(æš‚ä¼‘),https://live.douyin.com/99xj9999,Offline,
1062,99003669,å¥•ç‘¾â¹Â²Â¹_ğŸ¹,https://live.douyin.com/99003669,Offline,
1064,999.1216,å°é¾™äº•9912,https://live.douyin.com/999.1216,Offline,
1065,999999DD8,æ¸©æœµå„¿Duoâ€¢ğŸ€,https://live.douyin.com/999999DD8,Offline,
7,anan412210125,æ¡‰æ¡‰ğŸŒ²1æœˆ2æ—¥ç”Ÿæ—¥,https://live.douyin.com/anan412210125,Live,2025-02-02 21:08:10
9,a11y222,ally,https://live.douyin.com/a11y222,Live,2025-02-02 21:08:10
26,chunyu0420,æ˜¥é›¨Rain,https://live.douyin.com/chunyu0420,Live,2025-02-02 21:08:10
28,csysiger,å‹¾å¿ƒè±†è§’,https://live.douyin.com/csysiger,Live,2025-02-02 21:08:10
33,dayitian1206,ä¾ç”œğŸŒ¸,https://live.douyin.com/dayitian1206,Live,2025-02-02 21:08:10
38,dengweipapa,â­ï¸é‚“å”¯å’Œå·¦å¦®å­,https://live.douyin.com/dengweipapa,Live,2025-02-02 21:08:10
40,douxing79933,éƒ½è¡Œ,https://live.douyin.com/douxing79933,Live,2025-02-02 21:08:10
53,fufu330033,å¯Œè€å¸ˆåœ¨æƒ³ä»€ä¹ˆ,https://live.douyin.com/fufu330033,Live,2025-02-02 21:08:10
63,helu1117666,ä½•ä¸œç‹®,https://live.douyin.com/helu1117666,Live,2025-02-02 21:08:10
64,hengxiang06,æ‹™å©º,https://live.douyin.com/hengxiang06,Live,2025-02-02 21:08:10
68,heyime,å¼ ç¦¾ä¸€,https://live.douyin.com/heyime,Live,2025-02-02 21:08:10
77,jannyone,è¾£è¾£,https://live.douyin.com/jannyone,Live,2025-02-02 21:08:10
83,jinjinviola,é‡‘é‡‘ğŸ¦Šä¸­æç´(ğŸ‚2_18_çˆ±è¦å‘,https://live.douyin.com/jinjinviola,Live,2025-02-02 21:08:10
97,lanl03,lanl,https://live.douyin.com/lanl03,Live,2025-02-02 21:08:10
119,lx720000,Miller_ç±³ä¹ğŸ¦¢(æ‹‰ä¸èˆ),https://live.douyin.com/lx720000,Live,2025-02-02 21:08:10
134,mumum1007,æ²å°å–µğŸ¹(è¿‡å¹´ç‰ˆğŸ§¨æ¯æ™š20_00),https://live.douyin.com/mumum1007,Live,2025-02-02 21:08:10
137,na1234_,Jennaå°å¨œå®,https://live.douyin.com/na1234_,Live,2025-02-02 21:08:10
149,qianqianer772,èŠŠèŠŠå„¿ğŸŒâ¸â¸Â²â·,https://live.douyin.com/qianqianer772,Live,2025-02-02 21:08:10
156,qiqi215.,Kikiçª,https://live.douyin.com/qiqi215.,Live,2025-02-02 21:08:10
160,qyy23277,ç§’é˜¿ç« ç« ,https://live.douyin.com/qyy23277,Live,2025-02-02 21:08:10
190,tt20190423223,è¸®è„šå…”å…”,https://live.douyin.com/tt20190423223,Live,2025-02-02 21:08:10
191,tuantuan552200,å¦‚æ„å›¢å›¢ğŸ¯(åˆäº”å¼€æ’­â¤ï¸),https://live.douyin.com/tuantuan552200,Live,2025-02-02 21:08:10
197,vkk117,ç¨šæ˜‚å¼ ,https://live.douyin.com/vkk117,Live,2025-02-02 21:08:10
212,wwfcbfzlss168,ç‚œwoan,https://live.douyin.com/wwfcbfzlss168,Live,2025-02-02 21:08:10
214,ww11193562,æ¸©é…’ğŸ’ƒ,https://live.douyin.com/ww11193562,Live,2025-02-02 21:08:10
224,xiaoguazeiniu,å°å‘±ğŸµ,https://live.douyin.com/xiaoguazeiniu,Live,2025-02-02 21:08:10
226,xiaolanzhenkeai2,è…¼è…†å°å…°,https://live.douyin.com/xiaolanzhenkeai2,Live,2025-02-02 21:08:10
230,xiaomeiz521,çŒªå°ç¾ç¾ç¾å•Š,https://live.douyin.com/xiaomeiz521,Live,2025-02-02 21:08:10
231,xiaomulin321,æš´èµ°å°æ…•æ—ğŸ’ƒğŸ»,https://live.douyin.com/xiaomulin321,Live,2025-02-02 21:08:10
234,xiaoruanriji,å°è½¯æ—¥è®°,https://live.douyin.com/xiaoruanriji,Live,2025-02-02 21:08:10
249,xuanxuancell,è±è±celloğŸŒº,https://live.douyin.com/xuanxuancell,Live,2025-02-02 21:08:10
252,xxs_longxia,æˆ‘ä¸å«é¾™è™¾ğŸ¦,https://live.douyin.com/xxs_longxia,Live,2025-02-02 21:08:10
258,xyr_1208,â„ï¸é›ªè¡£å®¹,https://live.douyin.com/xyr_1208,Live,2025-02-02 21:08:10
262,xzl12091209,å–œä¹‹éƒğŸ’ƒğŸ»,https://live.douyin.com/xzl12091209,Live,2025-02-02 21:08:10
266,yeguozi_Xingchen,æ¤°æœå­ğŸ¦¢ğŸ¦¢ğŸ¦¢,https://live.douyin.com/yeguozi_Xingchen,Live,2025-02-02 21:08:10
276,ykwyykx,è¯­æ–‡æ¤°æ¤°,https://live.douyin.com/ykwyykx,Live,2025-02-02 21:08:10
305,A.Doudou,å•Šè±†è±†ğŸ«˜,https://live.douyin.com/A.Doudou,Live,2025-02-02 21:08:10
335,CoolCat_Piano,èŠ®èŠ®âœ¨,https://live.douyin.com/CoolCat_Piano,Live,2025-02-02 21:08:10
338,CC_cici.,CiciğŸˆ,https://live.douyin.com/CC_cici.,Live,2025-02-02 21:08:10
339,CCCCmaobing,æ¯›ç—…ä¹–ä¹–0,https://live.douyin.com/CCCCmaobing,Live,2025-02-02 21:08:10
343,CN36900,å˜´ç”œä¸¢çš„ğŸ¹,https://live.douyin.com/CN36900,Live,2025-02-02 21:08:10
346,CYN6129,ç™½ç‹®å­ğŸ‘‘,https://live.douyin.com/CYN6129,Live,2025-02-02 21:08:10
353,DuoEr112,æœµå„¿_ğŸ‘,https://live.douyin.com/DuoEr112,Live,2025-02-02 21:08:10
362,Gray123454321,éŸ©æ™´å°å¯çˆ±ğŸ¦–,https://live.douyin.com/Gray123454321,Live,2025-02-02 21:08:10
363,Gyx_xuan,å°ç’‡pianoğŸ¹,https://live.douyin.com/Gyx_xuan,Live,2025-02-02 21:08:10
399,LiMo000610,å°KiKiğŸ¹,https://live.douyin.com/LiMo000610,Live,2025-02-02 21:08:10
408,LTYChelsea0916,å¤©æ¸â˜ï¸Chelsea(å‘¨å…­åŒåŸå¶é‡),https://live.douyin.com/LTYChelsea0916,Live,2025-02-02 21:08:10
411,L5248214,é›¨å­é…±Yuu,https://live.douyin.com/L5248214,Live,2025-02-02 21:08:10
417,Miyasz,å§œå¦å¦ğŸ§¨,https://live.douyin.com/Miyasz,Live,2025-02-02 21:08:10
421,Nancy6177,é…¸å‡ ğŸ‹,https://live.douyin.com/Nancy6177,Live,2025-02-02 21:08:10
434,QingHuan831,æ¸…æ¬¢(é¡»å°½æ¬¢),https://live.douyin.com/QingHuan831,Live,2025-02-02 21:08:10
442,Roose.,åˆ˜ä¹¦å«Rose,https://live.douyin.com/Roose.,Live,2025-02-02 21:08:10
464,TONG_tong926,éŸ©å“å½¤,https://live.douyin.com/TONG_tong926,Live,2025-02-02 21:08:10
467,T8048631,ğŸ¦æ¤°æ¤°è™¾ğŸ¦,https://live.douyin.com/T8048631,Live,2025-02-02 21:08:10
473,Wtccc666,æ–‡å©·ğŸ¦„ï¸,https://live.douyin.com/Wtccc666,Live,2025-02-02 21:08:10
474,Wule12453,æ˜¯æˆ‘å†’é¥­äº†,https://live.douyin.com/Wule12453,Live,2025-02-02 21:08:10
490,Xiaosisi123,å°æ€æ€ğŸ’—,https://live.douyin.com/Xiaosisi123,Live,2025-02-02 21:08:10
496,Xxinx999,ç”œæ¬£å„¿,https://live.douyin.com/Xxinx999,Live,2025-02-02 21:08:10
502,XY121508,è¯—è¯—xixi,https://live.douyin.com/XY121508,Live,2025-02-02 21:08:10
510,YuanQing_1005,é¸¢é’,https://live.douyin.com/YuanQing_1005,Live,2025-02-02 21:08:10
530,ZHUJIU007,ç¥é…’,https://live.douyin.com/ZHUJIU007,Live,2025-02-02 21:08:10
537,010926Liao,åˆ«å«æˆ‘å»–å»–,https://live.douyin.com/010926Liao,Live,2025-02-02 21:08:10
540,050888888w,ç”œå¿ƒåŒå­¦ğŸ¶,https://live.douyin.com/050888888w,Live,2025-02-02 21:08:10
542,0879nnn,å¼¹ç´çš„å¦®å¦®å­ğŸ¹,https://live.douyin.com/0879nnn,Live,2025-02-02 21:08:10
543,10080430r,ç„¶ä½œä½œ,https://live.douyin.com/10080430r,Live,2025-02-02 21:08:10
547,1065701673,æ¡‘æ¡‘Crow,https://live.douyin.com/1065701673,Live,2025-02-02 21:08:10
573,1533701905,ç¦èŠ¯é’¢ç´,https://live.douyin.com/1533701905,Live,2025-02-02 21:08:10
574,1579206659,å°é¢‡ğŸ½(åˆ˜ä½³æ€¡),https://live.douyin.com/1579206659,Live,2025-02-02 21:08:10
575,1599891301,å°ä¼Šç¡ä¸é†’ğŸ¦‹,https://live.douyin.com/1599891301,Live,2025-02-02 21:08:10
590,1806558348,æ ¼æ ¼â„˜,https://live.douyin.com/1806558348,Live,2025-02-02 21:08:10
601,2003_xiao,è¯·å«æˆ‘å¤§ç‹,https://live.douyin.com/2003_xiao,Live,2025-02-02 21:08:10
605,2010972412,è¥¿æŸšã…¤,https://live.douyin.com/2010972412,Live,2025-02-02 21:08:10
614,21045872,ee,https://live.douyin.com/21045872,Live,2025-02-02 21:08:10
615,211175984,å—å«£,https://live.douyin.com/211175984,Live,2025-02-02 21:08:10
649,27001703211,å°è™ç‰™çš„å°æç´,https://live.douyin.com/27001703211,Live,2025-02-02 21:08:10
653,271677840,â˜ï¸æ±â›…ï¸,https://live.douyin.com/271677840,Live,2025-02-02 21:08:10
664,29090647602,èŠŠèŠŠå„¿ğŸŒâ¸â¸Â²â·,https://live.douyin.com/29090647602,Live,2025-02-02 21:08:10
695,34599702893,Yiyiii,https://live.douyin.com/34599702893,Live,2025-02-02 21:08:10
703,35530820791,Mimi,https://live.douyin.com/35530820791,Live,2025-02-02 21:08:10
724,39028052058,ç´ ç´ _ğŸ¹,https://live.douyin.com/39028052058,Live,2025-02-02 21:08:10
726,39193914444,æ˜­æ˜­@,https://live.douyin.com/39193914444,Live,2025-02-02 21:08:10
729,3941797,å°å¸ŒğŸ€,https://live.douyin.com/3941797,Live,2025-02-02 21:08:10
734,4013595,ä¹”ä¹”ä¸ç†¬å¤œğŸ±,https://live.douyin.com/4013595,Live,2025-02-02 21:08:10
743,42267801163,è™«è™«å¥³ç‹(é™å®šç‰ˆ),https://live.douyin.com/42267801163,Live,2025-02-02 21:08:10
750,44448888555g,ğŸ¹é¥­ä¸ç€é¥¿è‚šå­,https://live.douyin.com/44448888555g,Live,2025-02-02 21:08:10
759,46235689947,å¯è±,https://live.douyin.com/46235689947,Live,2025-02-02 21:08:10
769,48076264704,è’œé¦™çº¢çƒ§è‚‰,https://live.douyin.com/48076264704,Live,2025-02-02 21:08:10
789,52linbao,è¥¿å­Luckâ¤ï¸,https://live.douyin.com/52linbao,Live,2025-02-02 21:08:10
835,593334700,çå¦®çš„ç­(å°Šå¸ˆå°è‡£),https://live.douyin.com/593334700,Live,2025-02-02 21:08:10
840,60260620,æ–‡ä¸½â€,https://live.douyin.com/60260620,Live,2025-02-02 21:08:10
841,60345750,é™ˆ66ğŸ“,https://live.douyin.com/60345750,Live,2025-02-02 21:08:10
850,6147546,Sallyé’°,https://live.douyin.com/6147546,Live,2025-02-02 21:08:10
855,62253755627,å§œè±ğŸ’ƒ,https://live.douyin.com/62253755627,Live,2025-02-02 21:08:10
860,63154395577,å©‰å©‰yğŸ’ƒğŸ»,https://live.douyin.com/63154395577,Live,2025-02-02 21:08:10
877,66205640474,æ²¡æœ‰å°çå¦®äº†,https://live.douyin.com/66205640474,Live,2025-02-02 21:08:10
879,66383694340,è™ç‰™å¯å¯ğŸ¹,https://live.douyin.com/66383694340,Live,2025-02-02 21:08:10
881,664834011,é™ˆæ™“ç«¹,https://live.douyin.com/664834011,Live,2025-02-02 21:08:10
889,68282215789,å°ç¬™çˆ±å¹ç¬™,https://live.douyin.com/68282215789,Live,2025-02-02 21:08:10
899,69523053387,èŒå•ŠèŒğŸ¥•,https://live.douyin.com/69523053387,Live,2025-02-02 21:08:10
902,7qq7_H,æ¸…ç¦¾ğŸ¦„,https://live.douyin.com/7qq7_H,Live,2025-02-02 21:08:10
904,70382674413,ç¥–æ˜¥é›¨,https://live.douyin.com/70382674413,Live,2025-02-02 21:08:10
907,70706948927,é»‘ç™½ç°ğŸ¦·,https://live.douyin.com/70706948927,Live,2025-02-02 21:08:10
930,74798829658,æ—ä¹ç‘¶,https://live.douyin.com/74798829658,Live,2025-02-02 21:08:10
931,74818581712,æ¢“æ«ğŸ¬,https://live.douyin.com/74818581712,Live,2025-02-02 21:08:10
934,75633876260,è‘£é›¨çª,https://live.douyin.com/75633876260,Live,2025-02-02 21:08:10
938,76109632908,ç™¾å˜å°å¸ŒğŸŒ™(è¿‡å¹´ç‰ˆ),https://live.douyin.com/76109632908,Live,2025-02-02 21:08:10
952,78229080424,æˆ‘æ˜¯æ¢¦æ¢¦,https://live.douyin.com/78229080424,Live,2025-02-02 21:08:10
957,78766188273,èŒœèŒœbabyğŸ‘‘,https://live.douyin.com/78766188273,Live,2025-02-02 21:08:10
958,78926330722,ç‘ç§‹é•¿ç¬›,https://live.douyin.com/78926330722,Live,2025-02-02 21:08:10
969,80659458767,èŠŠç›ˆğŸ’ƒ,https://live.douyin.com/80659458767,Live,2025-02-02 21:08:10
976,82446781982,å…”å…”å¤´ğŸ°,https://live.douyin.com/82446781982,Live,2025-02-02 21:08:10
980,82797547,é‡‘å®ç‘,https://live.douyin.com/82797547,Live,2025-02-02 21:08:10
1006,8886327,å”å”ä¸åƒç³–,https://live.douyin.com/8886327,Live,2025-02-02 21:08:10
1017,90991499100,ç„¦ç³–,https://live.douyin.com/90991499100,Live,2025-02-02 21:08:10
1024,92251499076,æ´‹èŠ‹å…¬ä¸»,https://live.douyin.com/92251499076,Live,2025-02-02 21:08:10
1031,94butong,94ä¸æ›ˆğŸ‰å¼€æ’­å¤§å‰ğŸ§§,https://live.douyin.com/94butong,Live,2025-02-02 21:08:10
1063,991491775,å¼¹å”±å®«å°å‘±ğŸ¸,https://live.douyin.com/991491775,Live,2025-02-02 21:08:10
