url,douyin_id,name
https://live.douyin.com/_Caitlin529,_Caitlin529,ğŸ¨å°ä»˜åŒå­¦
ï»¿https://live.douyin.com/ahsokwmalk_2619.,ahsokwmalk_2619.,ğŸ¥”è±†_è±†_Â²ğŸ’ƒ
https://live.douyin.com/aimiccc,aimiccc,é‡ç†ç†
https://live.douyin.com/amas.,amas.,é˜¿æ›¼å¦²
https://live.douyin.com/amberly1208,amberly1208,å®‰å•µæ —ğŸ¹
https://live.douyin.com/anan412210125,anan412210125,æ¡‰æ¡‰ğŸŒ²1æœˆ2æ—¥ç”Ÿæ—¥
https://live.douyin.com/annellyy,annellyy,çœŸæ˜¯æˆ´ä¸åŠ¨
https://live.douyin.com/azi86600,azi86600,ç´«å“¥
https://live.douyin.com/a11y222,a11y222,ally
https://live.douyin.com/bak0314,bak0314,ç™½ç™½å‘€
https://live.douyin.com/batm11,batm11,å®å®ç‚’é¢
https://live.douyin.com/bazhang888,bazhang888,å·´æŒ
https://live.douyin.com/bbxa88888888,bbxa88888888,ç™¾å˜å°è‰¾
https://live.douyin.com/bbya223,bbya223,mini_bbå‘€
https://live.douyin.com/beta56940,beta56940,æ¢è½®èƒçš„è´å¡”
https://live.douyin.com/b1uesheep,b1uesheep,è“ç¾Šç¾Šä¸æ‡’
https://live.douyin.com/cancan52086,cancan52086,ç¿ç¿_ğŸŒ‹
https://live.douyin.com/cccaccc321,cccaccc321,è²å¾‹å®¾é“çŒ´å­
https://live.douyin.com/ccookieee,ccookieee,å°é™ˆå“ˆå¦®
https://live.douyin.com/cczplyyy,cczplyyy,å‡Œå°é‡
https://live.douyin.com/chachayuan,chachayuan,è§‚æœˆè‹è‹
https://live.douyin.com/chaoren.277,chaoren.277,ä½ çš„ç¦å“¥
https://live.douyin.com/chenlvyin,chenlvyin,é˜¿ç»¿èŒµ
https://live.douyin.com/chuchu099,chuchu099,Chuchué’¢ç´æ—¶å…‰ğŸ¹
https://live.douyin.com/chunchunchunchun,chunchunchunchun,çº¯çº¯ğŸ¥›
https://live.douyin.com/chunyu0420,chunyu0420,æ˜¥é›¨Rain
https://live.douyin.com/clp20020828,clp20020828,æ¹¾å­
https://live.douyin.com/csysiger,csysiger,å‹¾å¿ƒè±†è§’
https://live.douyin.com/cubeZZ,cubeZZ,è’¸ç¾Šç¾”å„¿
https://live.douyin.com/cuweikele,cuweikele,å•Šå¯¹å¯¹å¯¹å¯é†‹å°±æ˜¯kk
https://live.douyin.com/cxx2003322,cxx2003322,åˆä»€ä¹ˆå¤ğŸ¦‹
https://live.douyin.com/cysg6666,cysg6666,æˆ‘å«é˜¿ç‹¸å‘€
https://live.douyin.com/dayitian1206,dayitian1206,ä¾ç”œğŸŒ¸
https://live.douyin.com/dbb20051017,dbb20051017,å¥¶æ²¹å°è´
https://live.douyin.com/dds012,dds012,ç³–ç³–èœœç³–
https://live.douyin.com/ddxiaomi7,ddxiaomi7,è‹æµ…
https://live.douyin.com/dengder913,dengder913,æ¸©æŸ”ä½ é‚“é‚“
https://live.douyin.com/dengweipapa,dengweipapa,â­ï¸é‚“å”¯å’Œå·¦å¦®å­
https://live.douyin.com/doublexing3366,doublexing3366,å—è¯ğŸ’«å¤ç­
https://live.douyin.com/douxing79933,douxing79933,éƒ½è¡Œ
https://live.douyin.com/dream42191,dream42191,è–¯ç‰‡ç‰‡ç‰‡ç‰‡ç‰‡
https://live.douyin.com/duoerzcr1314,duoerzcr1314,å°å˜»å˜»âµÂ²â·â·
https://live.douyin.com/dyazr6e2phcz,dyazr6e2phcz,å¥½çƒ¦å‘
https://live.douyin.com/dybnqji7zwgdd,dybnqji7zwgdd,å°é’ç´
https://live.douyin.com/dyfc0usrr4ql,dyfc0usrr4ql,å°å´è§å¤§å´
https://live.douyin.com/dyfvl6m5l3if,dyfvl6m5l3if,é™é™babe
https://live.douyin.com/dylj0vbwa798,dylj0vbwa798,èŠ½ğŸŒ±
https://live.douyin.com/dy4n5jzlvt56,dy4n5jzlvt56,Beibei
https://live.douyin.com/dy62c1wxjbiy,dy62c1wxjbiy,å¤§æç´æœ›èˆ’
https://live.douyin.com/dy9rsugeq2a0,dy9rsugeq2a0,å•µå´½ç³•
https://live.douyin.com/expectopatronumK,expectopatronumK,ç‹¸ç‚å˜‰
https://live.douyin.com/ff000789ff,ff000789ff,è²è²ï½
https://live.douyin.com/fufu330033,fufu330033,å¯Œè€å¸ˆåœ¨æƒ³ä»€ä¹ˆ
https://live.douyin.com/fy1212y,fy1212y,èŠ³åª›ğŸ’ƒ
https://live.douyin.com/geniuswow,geniuswow,èµšé’±å°±åƒå–æ°´ä¸€æ ·ç®€å•(é‚ªæ¶ç‰›è‚‰é¢ç‰ˆğŸœ)
https://live.douyin.com/gggjjc123,gggjjc123,å…”å…”ğŸ’ƒ
https://live.douyin.com/ghl1688899,ghl1688899,æ©˜å­æ°”æ³¡æ°´ğŸƒğŸ™ï¸(é‡ç”Ÿç‰ˆ)
https://live.douyin.com/gogogo_upupup_,gogogo_upupup_,æ–°ç¾½Fly_ğŸª½
https://live.douyin.com/guanguan505,guanguan505,å…³å…³
https://live.douyin.com/guiguizi712,guiguizi712,æ¡‚æ¡‚â‚Šâºâ˜â‚Šâº
https://live.douyin.com/hahaha1889527,hahaha1889527,å°å…çœŸ
https://live.douyin.com/hallozoey,hallozoey,Zoeyä½ä¼Š
https://live.douyin.com/helu1117666,helu1117666,ä½•ä¸œç‹®
https://live.douyin.com/hengxiang06,hengxiang06,æ‹™å©º
https://live.douyin.com/heqiangwoaini,heqiangwoaini,915çŒ«çŒ«ğŸ‘¯
https://live.douyin.com/hera1223,hera1223,å¤å¤Heraâ­ï¸
https://live.douyin.com/hetun1314567,hetun1314567,ä¸­ç³»å°‘å¥³èŒ¶é…±
https://live.douyin.com/heyime,heyime,å¼ ç¦¾ä¸€
https://live.douyin.com/hh16947,hh16947,å–œæ¬¢ğŸŒ©ï¸
https://live.douyin.com/huohuotang3,huohuotang3,å¢¨å°”æœ¬è·å®ğŸ”¥(æ°¸ä¸åœæ’­_)
https://live.douyin.com/hxr041121,hxr041121,è½¯é›ªèŠ±uuu
https://live.douyin.com/hx88866.,hx88866.,éŸ©å“ˆå“ˆ-
https://live.douyin.com/id851290,id851290,é›ªæ¢¨é’¢ç´ğŸ¹
https://live.douyin.com/iiiye_2001,iiiye_2001,Metooç¾”ç¾Š
https://live.douyin.com/iuuu1437,iuuu1437,iuuu
https://live.douyin.com/iSan3,iSan3,é‚£å°ä¸‰æ¯”æˆ‘å¥½çœ‹
https://live.douyin.com/jaja0821,jaja0821,jajaâ•
https://live.douyin.com/jannyone,jannyone,è¾£è¾£
https://live.douyin.com/jeeyaya,jeeyaya,æ´é›…Jeeya
https://live.douyin.com/jiafeimaoCC,jiafeimaoCC,å©‰å„¿ğŸŒ»â¶Â¹â¹
https://live.douyin.com/jiangyuner,jiangyuner,å¥”è·‘çš„å§œå…å„¿
https://live.douyin.com/jianxiaoc,jianxiaoc,ç®€å°æ©™ğŸŠ
https://live.douyin.com/jiemowan111,jiemowan111,èŠ¥æœ«ä¸¸
https://live.douyin.com/jinbuhuan_a,jinbuhuan_a,æ‰¶ç‘¶o
https://live.douyin.com/jinjinviola,jinjinviola,é‡‘é‡‘ğŸ¦Šä¸­æç´(è„¾æ°”çˆ†ç‚¸ç‰ˆ
https://live.douyin.com/jjgoodwoman,jjgoodwoman,ç‚­çƒ¤å¥¶æ˜”ä¸åŠ å¥¶
https://live.douyin.com/jl610,jl610,é”¦é²¤ğŸŸ
https://live.douyin.com/jnmz912,jnmz912,å°±é‚£ä¹ˆå®…
https://live.douyin.com/jozy11,jozy11,é‡‘å®å®Jozy
https://live.douyin.com/junjunml1314,junjunml1314,æ¢¦ç’ƒå¤ç®œç¯ŒğŸŒ™
https://live.douyin.com/jxsh8888888888,jxsh8888888888,æŸ”æŸ”å•†è´¸
https://live.douyin.com/jxx4563,jxx4563,è†å…®å…®
https://live.douyin.com/jyj1113jyj.,jyj1113jyj.,å°±å§œç´«ba
https://live.douyin.com/jyzh66513,jyzh66513,æ™“æ™¯(2_21ğŸ‚)
https://live.douyin.com/keaiAnAn1,keaiAnAn1,å¤šå·´å®‰å®‰
https://live.douyin.com/kekou5211,kekou5211,åªæ•¢æ€’ä¸€ä¸‹
https://live.douyin.com/keyanbeibi27,keyanbeibi27,å°ç”œåŒ—é¼»ğŸ
https://live.douyin.com/kk87mumu,kk87mumu,ğŸ§¸à¾€à½²æ¢“æ¡ii
https://live.douyin.com/klola,klola,å…‹ç½—æ‹‰
https://live.douyin.com/koukouzi123,koukouzi123,å£å­ç¡äº†
https://live.douyin.com/lala75847,lala75847,ç‹ç‚è‰º
https://live.douyin.com/lanl03,lanl03,lanl
https://live.douyin.com/lanwan,lanwan,è“ä¸‡
https://live.douyin.com/lhy8989,lhy8989,å½©è™¹å±ä¸è‡­
https://live.douyin.com/liliDDD0,liliDDD0,ç†ç†å°ä¸ç‚¹
https://live.douyin.com/lilyatw,lilyatw,é›¨å‹³xÅ«n
https://live.douyin.com/lingling980719,lingling980719,å¼¹ç´çš„èŠ±èŠ±âµÂ²â¸â¸ğŸŒ¸
https://live.douyin.com/liutongxuedd,liutongxuedd,è‰ºæœ¯ğŸ’ƒä½³
https://live.douyin.com/liuxiaoliu999,liuxiaoliu999,å…­å°å…­ğŸŒ¶ï¸9616(æ—©ä¸Š7_00ç›´æ’­
https://live.douyin.com/liv2333,liv2333,Lilrueä¹–ä¹–
https://live.douyin.com/liyitong0906,liyitong0906,æä¸€æ¡Q
https://live.douyin.com/llin0515,llin0515,æ —æ —é…¥
https://live.douyin.com/lllllljq,lllllljq,å˜‰è²çŒ«çŒ«è™«
https://live.douyin.com/lllllIlllIlllII_,lllllIlllIlllII_,è–‡è–‡ã‚
https://live.douyin.com/lllQAQllllll_,lllQAQllllll_,QAQç¾Š
https://live.douyin.com/llyuanyuan1120,llyuanyuan1120,å›­å›­çš„è„‘è¢‹(å…­è¾¹å½¢ç‰ˆ)
https://live.douyin.com/lly010203,lly010203,ç²ç‰ğŸ¦©
https://live.douyin.com/ll8274864,ll8274864,Ling
https://live.douyin.com/lo122084460,lo122084460,ğŸ€å–œå¨œğŸ€
https://live.douyin.com/lsy990421,lsy990421,åˆ˜è¯—åª›
https://live.douyin.com/luckymaiz,luckymaiz,éº¦éº¦ya
https://live.douyin.com/lvmama233168868,lvmama233168868,å•å§¨
https://live.douyin.com/lx_xue_,lx_xue_,é‡ç”Ÿå°é›ª
https://live.douyin.com/lxslmm788,lxslmm788,å…ƒæ°”åˆå¿ƒ
https://live.douyin.com/lx720000,lx720000,Miller_ç±³ä¹ğŸ¦¢(æ‹‰ä¸èˆ)
https://live.douyin.com/ly_piano,ly_piano,çˆ±å¦ğŸ¹
https://live.douyin.com/lyttkx11,lyttkx11,å†°ç³–é›ªæ¢¨
https://live.douyin.com/lzj56789,lzj56789,ç«¹å­ä¸­å›½èˆ
https://live.douyin.com/maiyunni,maiyunni,éº¦èŠ¸å¦®
https://live.douyin.com/mamahaha957,mamahaha957,åœŸè±†ğŸ¥”åƒæé¾™(å‡è‚¥ç‰ˆ)
https://live.douyin.com/mcd0407,mcd0407,ç²‰çº¢é¼»å­çŒª
https://live.douyin.com/medic,medic,å°æœˆäº®å‘€ğŸŒŠ
https://live.douyin.com/mian8787,mian8787,ä½ çš„ç»µç»µğŸ¹
https://live.douyin.com/miyo1997,miyo1997,å°å°æ±¤åœ†ğŸ¹
https://live.douyin.com/mmssyy,mmssyy,é‡å°é©¬
https://live.douyin.com/momo258,momo258,è·³èˆçš„å°æ²«æ²«ğŸ¦‹
https://live.douyin.com/moon17.,moon17.,å°è€¶ğŸŒ´
https://live.douyin.com/mqmq1121,mqmq1121,ç¦ç¦å­
https://live.douyin.com/mq87777,mq87777,èŒä¸ƒå•Šä¸¶
https://live.douyin.com/mumum1007,mumum1007,æ²å°å–µğŸ¹
https://live.douyin.com/m3368_,m3368_,æ˜¯æœ¨æœ¨å–ğŸ°
https://live.douyin.com/naomiviolin1007,naomiviolin1007,é™†é¹¿violinğŸ¦Œ
https://live.douyin.com/na1234_,na1234_,Jennaå°å¨œå®
https://live.douyin.com/niko02,niko02,é‡‘äº¨åˆ©
https://live.douyin.com/nishizhuabaaba,nishizhuabaaba,æ˜“å°å¯’
https://live.douyin.com/nxkk11,nxkk11,å¯å¯å¥¶æ˜”
https://live.douyin.com/nz1214,nz1214,å´½å´½aaa
https://live.douyin.com/ox427,ox427,okok
https://live.douyin.com/pangning2260,pangning2260,èƒ–å®-
https://live.douyin.com/pawa000,pawa000,å¸•ç“¦ğŸ˜ˆ
https://live.douyin.com/peri1018,peri1018,Viviä¸ä¼šè·³èˆ
https://live.douyin.com/piano_WF,piano_WF,å¼¹é’¢ç´çš„ç‹è²ğŸ¹
https://live.douyin.com/pingping9,pingping9,çˆ±ä¸Šç¾äººé±¼çš„å°èå§
https://live.douyin.com/pmm6643,pmm6643,æ›¼å¦®ğŸ¹ğŸ¬
https://live.douyin.com/qianqianer772,qianqianer772,èŠŠèŠŠå„¿ğŸŒâ¸â¸Â²â·
https://live.douyin.com/qianyu77hao,qianyu77hao,èŠŠé›¨_â¹Â²â·â·âœ¨
https://live.douyin.com/qiaoeroo,qiaoeroo,ä¹”å„¿ooğŸ
https://live.douyin.com/qiaoqiao88899900,qiaoqiao88899900,å°ä¹”å¼¹å”±â˜€ï¸
https://live.douyin.com/qibaochongya,qibaochongya,é˜¿çªä¸æ˜¯å­¦å§
https://live.douyin.com/qier88,qier88,ğŸŒ€çªçªã€
https://live.douyin.com/qingjiujiu88,qingjiujiu88,å¿ä¹ä¹
https://live.douyin.com/qinyunyiran,qinyunyiran,å’¿æ¶µå¤ç´åŸè¯µ(ç§ä¿¡å…³é—­ä¸­)
https://live.douyin.com/qiqi215.,qiqi215.,Kikiçª
https://live.douyin.com/qiuqiubiechi86,qiuqiubiechi86,çƒçƒåˆ«åƒäº†
https://live.douyin.com/qi7850.,qi7850.,âœ¨å°æ‹¾æŸ’
https://live.douyin.com/qi7871,qi7871,ğŸ¹å–µå°ä¸ƒ
https://live.douyin.com/qyy23277,qyy23277,ç§’é˜¿ç« ç« 
https://live.douyin.com/qzygonec3,qzygonec3,å‘†ç“œå°åŒªğŸ‰
https://live.douyin.com/real0618,real0618,è‚–çœŸçœŸğŸˆ
https://live.douyin.com/robison.,robison.,å°è‹ç‘¾c
https://live.douyin.com/rourourourou36,rourourourou36,èœèœèœèœ
https://live.douyin.com/ruanruan726,ruanruan726,è½¯è½¯kik
https://live.douyin.com/seqi0901,seqi0901,è‹æ¶©çª
https://live.douyin.com/shangyuxi0727,shangyuxi0727,å¸Œä¹‹å¡æ¯”
https://live.douyin.com/shaochongdoub,shaochongdoub,æ—å¤•æœ¨è‹’
https://live.douyin.com/shi_qii,shi_qii,æ‹¾æŸ’Â¹â·
https://live.douyin.com/shiqi171177,shiqi171177,å°åä¸ƒå‘€ã…¤ã…¤ã…¤
https://live.douyin.com/shkxouxui,shkxouxui,è‹å¾¡ğŸ¹
https://live.douyin.com/shushu.25,shushu.25,æµ…æµ…è“
https://live.douyin.com/shuxuelaoshi6161,shuxuelaoshi6161,æ•°å­¦è€å¸ˆé›…
https://live.douyin.com/shuyi52013,shuyi52013,ä¹¦äº¦å­¦å§
https://live.douyin.com/songlizi_,songlizi_,æ¾æ —å­âœˆï¸
https://live.douyin.com/ssfbq55,ssfbq55,ğŸ¦ˆé²¨é²¨Â²Â³Â³
https://live.douyin.com/suan0829,suan0829,å‘é›…è±
https://live.douyin.com/suixiaoyi9251,suixiaoyi9251,éš‹å°æ‡¿ğŸ§Ê¸â±
https://live.douyin.com/sukizhong954,sukizhong954,å°è‹å¯
https://live.douyin.com/sunny31777,sunny31777,å®è´77
https://live.douyin.com/susu0606aria,susu0606aria,å¤§æç´è‹è‹Aria
https://live.douyin.com/tamimi1111,tamimi1111,å‘¼å•¦åœˆå¥³ç‹ğŸ’ƒé©¬å˜‰å
https://live.douyin.com/tangzihanxixi,tangzihanxixi,å”ç´«æ¶µğŸ”
https://live.douyin.com/taotao0908,taotao0908,æ¡ƒç›ˆç›ˆğŸ§
https://live.douyin.com/tiantian888i,tiantian888i,ä¸€ç”œ_Ë‡
https://live.douyin.com/tjj990923,tjj990923,å”èè
https://live.douyin.com/tmbaobao9,tmbaobao9,èŒ—å®å„¿å¾ˆä¹–
https://live.douyin.com/todaywithmusic,todaywithmusic,å¼ è€€ä»ŠğŸ»ğŸ”†
https://live.douyin.com/ttixxz,ttixxz,4u
https://live.douyin.com/tt20190423223,tt20190423223,è¸®è„šå…”å…”
https://live.douyin.com/tuantuan552200,tuantuan552200,å¦‚æ„å›¢å›¢ğŸ¯
https://live.douyin.com/tuzhizhi3379,tuzhizhi3379,å«æˆ‘å°èŠ³ğŸ¥•
https://live.douyin.com/tu78999,tu78999,ğŸŒ™æœˆæœˆå…”
https://live.douyin.com/uu1311,uu1311,Umiä¹”æ©
https://live.douyin.com/uu51888,uu51888,æ¢¨æ¶¡â˜€ï¸
https://live.douyin.com/vivi59665,vivi59665,æViVi
https://live.douyin.com/vkk117,vkk117,ç¨šæ˜‚å¼ 
https://live.douyin.com/vk532313,vk532313,å‘¼å«å°æ°´ğŸ“
https://live.douyin.com/vHan09233,vHan09233,éŸ©å†°
https://live.douyin.com/wanergangqin,wanergangqin,å§œå©‰å„¿â­ï¸é’¢ç´ğŸ”¥ğŸ”¥
https://live.douyin.com/wangkeer0215,wangkeer0215,ç‹å¯å„¿
https://live.douyin.com/wangmiaomiao1230,wangmiaomiao1230,ç‹æ·¼æ·¼ğŸ¤
https://live.douyin.com/wanting619,wanting619,å©‰å©·å©·å„¿
https://live.douyin.com/wawa2me,wawa2me,wawa_Â¨Ì®
https://live.douyin.com/wbkl888,wbkl888,99
https://live.douyin.com/wenbabyy.,wenbabyy.,æ¸©å˜Ÿå˜ŸğŸ¦„à½²
https://live.douyin.com/wennanxi99,wennanxi99,æ¸©å—æ±Â¹Â²â·
https://live.douyin.com/woaimingming00,woaimingming00,ä¸æ»‘æ˜æ˜
https://live.douyin.com/woleigedoua,woleigedoua,ä¸€å£ç‰æ¡‚å·
https://live.douyin.com/wr28888,wr28888,å…”å®ğŸ’ƒ
https://live.douyin.com/wuq0021216,wuq0021216,w77
https://live.douyin.com/wwfcbfzlss168,wwfcbfzlss168,ç‚œwoan
https://live.douyin.com/wwwbfl007007,wwwbfl007007,æ¡‚æ—ä¸Šå®˜ä¸ƒğŸ’ƒ
https://live.douyin.com/ww11193562,ww11193562,æ¸©é…’ğŸ’ƒ
https://live.douyin.com/ww811011,ww811011,å°ä½™çˆ±åƒğŸŸ
https://live.douyin.com/wxx0706,wxx0706,æ¸©é¦¨é¦¨
https://live.douyin.com/wxx0706.,wxx0706.,ç‹å°å°âœ¨Âºâ·Âºâ¶
https://live.douyin.com/wyaodwanghlq,wyaodwanghlq,ç‘ç‘å­ğŸ¦–
https://live.douyin.com/wyf50657,wyf50657,ç‹å¾·èŠ™
https://live.douyin.com/wyjwyjddcc,wyjwyjddcc,å¯å„¿ç¡ä¸é†’-
https://live.douyin.com/wyx1024..,wyx1024..,æ¬£æ¬£å­ã…¤ã…¤ã…¤ã…¤ã…¤
https://live.douyin.com/xgy1333,xgy1333,å°å›ºæœ‰ğŸ¹åˆä¸è§äº†
https://live.douyin.com/xg31002,xg31002,å‘†å‘†å°ç‹—
https://live.douyin.com/xiachengnan,xiachengnan,å¤åŸå—
https://live.douyin.com/xiangyi0620,xiangyi0620,åˆ˜ä½³ä»ª
https://live.douyin.com/xiang41104,xiang41104,é¦™é¦™å®è´
https://live.douyin.com/xian526076,xian526076,ç§¦å°äº”
https://live.douyin.com/xiaochen552,xiaochen552,å°è‡£å¤ç­è€å¸ˆğŸŒŸ
https://live.douyin.com/xiaoguazeiniu,xiaoguazeiniu,å°å‘±ğŸµ
https://live.douyin.com/xiaohuapiano,xiaohuapiano,é’¢ç´å¤å°æ¬ å„¿
https://live.douyin.com/xiaolanzhenkeai2,xiaolanzhenkeai2,è…¼è…†å°å…°
https://live.douyin.com/xiaolengbaobei,xiaolengbaobei,å°å†·ğŸ§Š
https://live.douyin.com/xiaoli6660000,xiaoli6660000,å°ç‹¸ä¸­é˜®ğŸ¦Š
https://live.douyin.com/xiaomeiz521,xiaomeiz521,çŒªå°ç¾ç¾ç¾å•Š
https://live.douyin.com/xiaomulin321,xiaomulin321,æš´èµ°å°æ…•æ—ğŸ’ƒğŸ»
https://live.douyin.com/xiaoqiguzheng,xiaoqiguzheng,å°å¥‡ğŸŒŸå¤ç­
https://live.douyin.com/xiaoqiyue0077,xiaoqiyue0077,ç»®ç¥JulyğŸ¤ğŸ¤
https://live.douyin.com/xiaoruanriji,xiaoruanriji,å°è½¯æ—¥è®°
https://live.douyin.com/xiaoxinyo0907,xiaoxinyo0907,è„†è„†çš„
https://live.douyin.com/xiaoyu7711,xiaoyu7711,å°é›¨titiğŸ»
https://live.douyin.com/xili520888,xili520888,èŒœé»
https://live.douyin.com/xiluzaizai,xiluzaizai,ç»†è·¯å´½å´½ğŸ¹_ãƒ„Â²Â²Â²
https://live.douyin.com/xinchun0624,xinchun0624,æ¬£çº¯ğŸ¹
https://live.douyin.com/xindi_0709,xindi_0709,è¾›è¿ªåœ¨ä½ å¿ƒåº•ğŸˆÂ²Â¹â¹â¹
https://live.douyin.com/xingxing03300,xingxing03300,æ²‰é»˜çš„æ˜Ÿæ˜Ÿ
https://live.douyin.com/xinmishu124,xinmishu124,é¦¨ç§˜ä¹¦
https://live.douyin.com/xinruia34705,xinruia34705,æ¬£ç¿é˜¿
https://live.douyin.com/xiwang666.,xiwang666.,èŒœæœ›âœ¨
https://live.douyin.com/xiy306,xiy306,å¦‚æœé‡è§è¥¿å­ğŸ¹
https://live.douyin.com/xi2bai,xi2bai,å¸ŒäºŒç™½
https://live.douyin.com/xml22223,xml22223,Qshan_(ç¥å–„)
https://live.douyin.com/xqz989911,xqz989911,å°æ¸…å­ğŸ§šğŸ»â€â™‚ï¸
https://live.douyin.com/xuanxuancell,xuanxuancell,è±è±celloğŸŒº
https://live.douyin.com/xukeying0919,xukeying0919,è®¸å¯è¹
https://live.douyin.com/xxhhh967,xxhhh967,éº»ç”µå°‘å¥³
https://live.douyin.com/xxs_longxia,xxs_longxia,æˆ‘ä¸å«é¾™è™¾ğŸ¦
https://live.douyin.com/xxwerhu,xxwerhu,æµ æ–‡ğŸ»æ‹‰äºŒèƒ¡
https://live.douyin.com/xxxcwya,xxxcwya,å°è™¾è™¾åƒæˆ‘
https://live.douyin.com/xxxxxz003,xxxxxz003,é•ç¿
https://live.douyin.com/xxx90116,xxx90116,æ¬£æ¬£ğŸ¦‹
https://live.douyin.com/xxyun11,xxyun11,å°äº‘æ²¡çƒ¦æ¼
https://live.douyin.com/xx999tt88,xx999tt88,æ¸æ¸
https://live.douyin.com/xyr_1208,xyr_1208,â„ï¸é›ªè¡£å®¹
https://live.douyin.com/xyxy0339xy,xyxy0339xy,å°æ€¡ğŸ’ƒ
https://live.douyin.com/xyy7799521,xyy7799521,é’Ÿçˆ±å°è¶Šè¶Š
https://live.douyin.com/xy092411,xy092411,å¥³å”aprilğŸŒ§ï¸
https://live.douyin.com/xy8888zz,xy8888zz,å°å®‡å®™ğŸ§¡
https://live.douyin.com/xzl12091209,xzl12091209,å–œä¹‹éƒğŸ’ƒğŸ»
https://live.douyin.com/x11779,x11779,Ash_å¤å¤
https://live.douyin.com/yangyuqing0601,yangyuqing0601,é›¨æ™´å„¿
https://live.douyin.com/yanlico_,yanlico_,coco
https://live.douyin.com/yaoxiaotang,yaoxiaotang,å§šæ™“æ£ 
https://live.douyin.com/yegewang,yegewang,ç‹ä¹Ÿæ ¼
https://live.douyin.com/yeguozi_Xingchen,yeguozi_Xingchen,æ¤°æœå­ğŸ¦¢ğŸ¦¢ğŸ¦¢
https://live.douyin.com/yeyefacai888888,yeyefacai888888,å°ä¹Ÿä¹Ÿ
https://live.douyin.com/yibaokaixinya,yibaokaixinya,æ€¡å®
https://live.douyin.com/yieryi121_,yieryi121_,ä¾äºŒå§¨
https://live.douyin.com/yiketizi888,yiketizi888,ä¸€é¢—æå­
https://live.douyin.com/yiluobaby,yiluobaby,ä¼ŠçğŸ¹
https://live.douyin.com/yimiao0618,yimiao0618,ä¸€å¦™
https://live.douyin.com/yingtaogongzhu,yingtaogongzhu,å®¸è¨æ¨±æ¡ƒ
https://live.douyin.com/yinyin83943108,yinyin83943108,ğŸ¥¤ä¸å–å¯ä¹
https://live.douyin.com/yiran6917,yiran6917,áƒ¦á¯¤ä¾ç„¶Ê¸áµ’áµ˜
https://live.douyin.com/yixun1921,yixun1921,ä¸€å¯»
https://live.douyin.com/yiyi11111166,yiyi11111166,æ¹‰æ¹‰â¤ï¸å¤ç­
https://live.douyin.com/yiyi20020817,yiyi20020817,99ç±³ğŸ€
https://live.douyin.com/yiyi94182199,yiyi94182199,11ğŸ«§
https://live.douyin.com/yjsc2,yjsc2,å§šé™å§Janice
https://live.douyin.com/ykwyykx,ykwyykx,è¯­æ–‡æ¤°æ¤°
https://live.douyin.com/youyi032,youyi032,æ‚ ä»ª
https://live.douyin.com/ytyt0623,ytyt0623,ğŸ¹è¿™ä¸ªä¸«å¤´â¶Â²Â³
https://live.douyin.com/yuer20230318,yuer20230318,223
https://live.douyin.com/yue1014_,yue1014_,æå¼¦æœˆcherishğŸŒ™
https://live.douyin.com/yuner_666,yuner_666,éŸµå„¿ğŸ»å¤§æç´
https://live.douyin.com/yuni11888,yuni11888,yunièŠ‹æ³¥å•µå•µ
https://live.douyin.com/yunyipianoharp,yunyipianoharp,ğŸ¹äº‘ä¸€â˜ï¸
https://live.douyin.com/yuzifafafa,yuzifafafa,çœ‹ä½ å¦ˆ
https://live.douyin.com/yxxy989,yxxy989,å°æ¨ä¸åƒé¦™èœğŸ‘
https://live.douyin.com/yybb1111,yybb1111,å¤ç­ğŸ«§ç‰ç‘¶(å¬è¯´ä¼šå¼¹å”±)
https://live.douyin.com/yy1717171711,yy1717171711,éœ¸é“ç‹
https://live.douyin.com/yy422000,yy422000,ä¸­å›½èˆè¹è¹âµÂ¹Â¹
https://live.douyin.com/yy77990y,yy77990y,è„¸åœ†åœ†
https://live.douyin.com/zhailianlian,zhailianlian,ç¿Ÿè„¸è„¸
https://live.douyin.com/zhangfangran.,zhangfangran.,ç« æ–¹ç„¶__ğŸ§¸
https://live.douyin.com/zhaocaimaomi_il,zhaocaimaomi_il,ä¸´ä¹‹ä¸´
https://live.douyin.com/zhudizihan,zhudizihan,ç«¹ç¬›å­æ¶µ
https://live.douyin.com/zhuzSs,zhuzSs,å°ç¥ä»™
https://live.douyin.com/zishi_er,zishi_er,å­æ—¶ğŸ£
https://live.douyin.com/zixuan73345,zixuan73345,å±å±
https://live.douyin.com/zjy20031126,zjy20031126,é™æ€¡é”¯æœ¨å¤´
https://live.douyin.com/zj91058,zj91058,å°å·´é£æƒ…_é™é™ğŸŒˆ
https://live.douyin.com/zxky888_888,zxky888_888,å‘¨å°å¯ä»¥ğŸ‘ŒğŸ»
https://live.douyin.com/zxy1313ljj,zxy1313ljj,å†·å†·é…±
https://live.douyin.com/zz_aij,zz_aij,zzå¼ å¼ 
https://live.douyin.com/zzlinn1,zzlinn1,linn1
https://live.douyin.com/zz3344xm,zz3344xm,ğŸ«§å°å°å°ä»™å¥³ğŸ°
https://live.douyin.com/zz5200919,zz5200919,ç«¹ç¬›æ™¶æ™¶âœ¨
https://live.douyin.com/z5885167,z5885167,é›¨å®â¸â¸âµÂ¹â¶
https://live.douyin.com/z88867890,z88867890,å°æ€¡å®åœ¨è¿‡åˆ†ç¾ä¸½
https://live.douyin.com/A.Doudou,A.Doudou,å•Šè±†è±†ğŸ«˜3_5å‘¨å¹´åº†äººæ°”ç¥¨ç‰ˆ
https://live.douyin.com/Aa0387,Aa0387,0387
https://live.douyin.com/Aitutu0503,Aitutu0503,å›¾å›¾
https://live.douyin.com/Allinyoghurt_,Allinyoghurt_,å°æ¥š
https://live.douyin.com/Andy05279898,Andy05279898,å®‰å°æ»¡
https://live.douyin.com/Angelina0910,Angelina0910,å°å®‰çŒª
https://live.douyin.com/Annn1949,Annn1949,æ¯›åˆ©è“
https://live.douyin.com/AnAn00719,AnAn00719,u_å°ç³•å†·
https://live.douyin.com/Artistlili,Artistlili,é•¿ç¦»
https://live.douyin.com/Ayang4444,Ayang4444,è´¦å·å·²æ³¨é”€
https://live.douyin.com/Ayue3,Ayue3,æ±Ÿä¸€ç¥
https://live.douyin.com/AA00718.,AA00718.,å°ğŸ·å®…æ±
https://live.douyin.com/AA343388,AA343388,95å²é«˜å†·ç»¿èŒ¶ğŸµ
https://live.douyin.com/AA99T,AA99T,å¥¶ç³–å¾ˆç”œèˆè¹ˆğŸ’ƒğŸ‚
https://live.douyin.com/ABC339975,ABC339975,ğŸ™ï¸å¤çƒ­çƒ­ğŸŒ»
https://live.douyin.com/A776975888,A776975888,77é˜¿
https://live.douyin.com/BaiTaoTao0709,BaiTaoTao0709,ç™½æ¡ƒæ¡ƒğŸ‘
https://live.douyin.com/Baozz888,Baozz888,å°è‰¾åŒå­¦ğŸ¹
https://live.douyin.com/Bbming117,Bbming117,æ°´é±¼ä¼˜èœ
https://live.douyin.com/Bker718,Bker718,ğŸŒ´ç™½å¯å„¿ğŸ‘â·Â¹â¸
https://live.douyin.com/Bob258088,Bob258088,æš´æš´çˆ†ç±³èŠ±
https://live.douyin.com/BB8810,BB8810,èœœå…”å„¿ğŸ°
https://live.douyin.com/BDL66678,BDL66678,å§œæ©æ¢¨paisley
https://live.douyin.com/BXG0923,BXG0923,è´å°æœğŸ(å‡è‚¥åŠªåŠ›ç‰ˆ)
https://live.douyin.com/CellistSomi,CellistSomi,å¤§æç´SomiğŸ»_2_24ç”Ÿæ—¥åº†
https://live.douyin.com/Cg20010702,Cg20010702,å°å˜‰(ä¸€å­—é©¬å°ä»™å¥³)ğŸ 
https://live.douyin.com/Chanjuandancer,Chanjuandancer,å©µå¨Ÿ(èˆè¹ˆ)
https://live.douyin.com/Chesea0925,Chesea0925,Chesea
https://live.douyin.com/Chou8g,Chou8g,ä¸‘å…«æ€ªs1t
https://live.douyin.com/Cml123..,Cml123..,å°å…°ğŸ¦¦
https://live.douyin.com/CoolCat_Piano,CoolCat_Piano,èŠ®èŠ®âœ¨
https://live.douyin.com/Cora0406,Cora0406,DJ_Cora_èµ–å®
https://live.douyin.com/Crs120,Crs120,å¼ æ´›æ€
https://live.douyin.com/CC_cici.,CC_cici.,CiciğŸˆ
https://live.douyin.com/CCCCmaobing,CCCCmaobing,æ¯›ç—…ä¹–ä¹–0
https://live.douyin.com/CCYY97971,CCYY97971,é™ˆå°å¤­
https://live.douyin.com/CDkLL,CDkLL,ä»¥å¦™
https://live.douyin.com/CN36900,CN36900,å˜´ç”œä¸¢çš„ğŸ¹
https://live.douyin.com/CSZJPiano,CSZJPiano,å¼ æ™¶ğŸ¹Piano
https://live.douyin.com/CX23520,CX23520,ğŸŒ¿åˆå¿ƒğŸ»
https://live.douyin.com/CYN6129,CYN6129,ç™½ç‹®å­ğŸ‘‘
https://live.douyin.com/C777777k,C777777k,ä½ çš„æŸ’æŸ’
https://live.douyin.com/DanBaoe,DanBaoe,ä¸œåŒ—ç”œå¦¹å„¿ğŸƒ
https://live.douyin.com/DianDian0.,DianDian0.,ç‚¹ç‚¹ğŸ¤
https://live.douyin.com/Dlb931013,Dlb931013,ğŸƒæå—ä½³ğŸ™ï¸
https://live.douyin.com/DokiDoki_617,DokiDoki_617,ç›®å¤•ğŸ¹
https://live.douyin.com/Dou.Dn,Dou.Dn,æå…œå…œ
https://live.douyin.com/DuoEr112,DuoEr112,æœµå„¿_ğŸ‘
https://live.douyin.com/DLDL95,DLDL95,å°æ¶…ğŸ¤ğŸ·
https://live.douyin.com/DY908204987,DY908204987,å…¬ä¸»åˆ‡ğŸ’ƒ
https://live.douyin.com/EjaySONNN,EjaySONNN,åˆæ‡¿
https://live.douyin.com/Erkezhou,Erkezhou,äºŒç‚Chloe
https://live.douyin.com/Ffan0407,Ffan0407,å¸†å¸†ğŸ‘
https://live.douyin.com/F11885200,F11885200,@å†¯å®å„¿
https://live.douyin.com/GaoGao077,GaoGao077,å°ç³•æ—¥è®°
https://live.douyin.com/GeoffreyDY,GeoffreyDY,Geoffrey
https://live.douyin.com/GneFTiaN26,GneFTiaN26,éº»è¾£ç”œè±†
https://live.douyin.com/Goudai66,Goudai66,ç‹—è¢‹
https://live.douyin.com/Gray123454321,Gray123454321,éŸ©æ™´å°å¯çˆ±ğŸ¦–
https://live.douyin.com/Gyx_xuan,Gyx_xuan,å°ç’‡pianoğŸ¹
https://live.douyin.com/GCX03324,GCX03324,çˆ±åƒé±¼
https://live.douyin.com/GSMinn,GSMinn,Svea_è¿Ÿè¿Ÿ
https://live.douyin.com/GZXQ5217,GZXQ5217,æ™“ç´ğŸ€å¤ç­(ä¸­åˆåä¸€ç‚¹å’Œæ™šä¸Šå…­ç‚¹ç›´æ’­)
https://live.douyin.com/HaaanJing,HaaanJing,å¼ æ™—å©§
https://live.douyin.com/He.wy,He.wy,é›…é™âœ¨
https://live.douyin.com/Hsmm66,Hsmm66,æ…¢æ…¢é’¢ç´ğŸ¹
https://live.douyin.com/Hui15178,Hui15178,å¼ èŸ
https://live.douyin.com/Huwww830,Huwww830,å“‡å¡ç‹éœ–ğŸ‘°ğŸ»
https://live.douyin.com/Huyalucky,Huyalucky,åˆ«å·çœ‹æˆ‘çš„èŸ¹é»„å ¡ç§˜æ–¹
https://live.douyin.com/Hy568700,Hy568700,ä¹”æ²å¿ƒ
https://live.douyin.com/HQ216621,HQ216621,YAYAğŸ»
https://live.douyin.com/HYY804761,HYY804761,å¥¶å…”èƒ¡åª›åª›
https://live.douyin.com/H0531.666,H0531.666,å°èŠ±èŠ±å“©è½°ğŸ¿
https://live.douyin.com/H7186.,H7186.,å¦¹å¦¹ä¹‰
https://live.douyin.com/Ixiaoxixiaoxi.,Ixiaoxixiaoxi.,å°å¦‚ç¡ä¸é†’ğŸ˜´
https://live.douyin.com/ID20881105,ID20881105,æ–¹å¿†æ²
https://live.douyin.com/Jenny_Ni_520,Jenny_Ni_520,å¦®å„¿Jenny
https://live.douyin.com/Jiujin98989,Jiujin98989,ä¹æ–¤ğŸ’ƒğŸ¼Â²âµâ¹â¹
https://live.douyin.com/Joyi0701,Joyi0701,å¤§å‘¨å‘¨Joyi
https://live.douyin.com/JuneOOh,JuneOOh,å¯çˆ±D_ğŸ¬
https://live.douyin.com/Jy6268,Jy6268,å¦™å¯_ğŸ’ƒ
https://live.douyin.com/JIA55_33,JIA55_33,çˆå¿ƒé¥¼å¹²
https://live.douyin.com/JYviolinist,JYviolinist,ä½³æ€¡violinistğŸ»
https://live.douyin.com/JY1288.,JY1288.,ä¹æœˆ
https://live.douyin.com/Kathy233,Kathy233,Kathy_LIUğŸ¹
https://live.douyin.com/Kimxxyy8888,Kimxxyy8888,é‡‘ç†™å¦
https://live.douyin.com/Kiwiwiwiwi,Kiwiwiwiwi,Kiwiåœ¨è¿™é‡Œ
https://live.douyin.com/Kunkun9146,Kunkun9146,é•¿æ¸æ„
https://live.douyin.com/KE5222,KE5222,ç¬¬äºŒå¯çˆ±
https://live.douyin.com/KTH1230V,KTH1230V,å°ä½•åŒå­¦yo
https://live.douyin.com/Leo_0.,Leo_0.,å¤§ç‹å’Œå°çˆ·
https://live.douyin.com/Liduo1314,Liduo1314,æåäºŒ
https://live.douyin.com/Lii110,Lii110,å—è”
https://live.douyin.com/Lingogo66,Lingogo66,ç³å›­go
https://live.douyin.com/Lixx0324,Lixx0324,å¼ æ²é»â°Â³Â²â´
https://live.douyin.com/LiLi__16,LiLi__16,æå¥½å–ğŸ¹
https://live.douyin.com/LiLi_2024,LiLi_2024,Mikiç¤¼ç¤¼
https://live.douyin.com/LiMo000610,LiMo000610,å°KiKiğŸ¹
https://live.douyin.com/Luhuiqiao0606,Luhuiqiao0606,æ¡¥æ¡¥ç¡ä¸ç€ğŸ»
https://live.douyin.com/Lvmishh,Lvmishh,ROsEğŸ’HH
https://live.douyin.com/Lxh.0109.,Lxh.0109.,å°é»‘ä¸ä¼šè·³èˆï½
https://live.douyin.com/Lxx13,Lxx13,Tayä¸¶ç’‡å„¿
https://live.douyin.com/Lycheeaa,Lycheeaa,è”æå‘€
https://live.douyin.com/LIzlee0902,LIzlee0902,å‰å­æ —Liz
https://live.douyin.com/LL2020999,LL2020999,è±è±
https://live.douyin.com/LTYChelsea0916,LTYChelsea0916,å¤©æ¸â˜ï¸Chelsea(å‘¨å…­åŒåŸå¶é‡)
https://live.douyin.com/LZ1013d,LZ1013d,è±†è±†(ä¸­å›½èˆ)
https://live.douyin.com/LZ7p7,LZ7p7,JIAä½³
https://live.douyin.com/L5248214,L5248214,é›¨å­é…±Yuu
https://live.douyin.com/L99612,L99612,è§è§ä¸åƒè¾£
https://live.douyin.com/Maomaoxy001,Maomaoxy001,æ³•æ‹‰åˆ©çš„æ³•
https://live.douyin.com/Masa7788,Masa7788,æ¢…æ¢…ğŸ‘¸
https://live.douyin.com/Meixin410,Meixin410,å¿ƒå®
https://live.douyin.com/Meng7118,Meng7118,ğŸµèŒçŒªçŒª_ğŸ·
https://live.douyin.com/Mermaid_xqy,Mermaid_xqy,é‡ç”Ÿä¹‹æˆ‘åœ¨å¤§æµ·è¿½é²¸é±¼
https://live.douyin.com/Min_er_ya,Min_er_ya,ææ•å„¿å‘€
https://live.douyin.com/Miyasz,Miyasz,å§œå¦å¦ğŸ§¨
https://live.douyin.com/Mm_3189,Mm_3189,çƒ¦çƒ¦â˜€ï¸
https://live.douyin.com/Mn1y579,Mn1y579,1meinv
https://live.douyin.com/Mxm221122,Mxm221122,è¿·å°æ…¢ğŸ•Šï¸
https://live.douyin.com/Nadiaaaaaaaaaa,Nadiaaaaaaaaaa,æˆ´å®‰å®
https://live.douyin.com/Nancy6177,Nancy6177,é…¸å‡ ğŸ‹
https://live.douyin.com/NanGe66668,NanGe66668,äºšæ¥ 
https://live.douyin.com/Ninitian.,Ninitian.,å¦®å¦®ç”œ
https://live.douyin.com/Nox._,Nox._,Noxæ™šæ™šğŸŒ™_ğŸ¹
https://live.douyin.com/NIANYiii,NIANYiii,å¿µä¸€_ğŸ’ƒğŸ»
https://live.douyin.com/NIKO22222,NIKO22222,å¦®å¯ğŸ¹
https://live.douyin.com/NN5775493,NN5775493,é‡‘å¿µ
https://live.douyin.com/Onlyme02007,Onlyme02007,Paiè›‹é»„
https://live.douyin.com/Orange.2000922,Orange.2000922,æ£’æ£’ç³–å‘³å„¿çš„æ©™å­
https://live.douyin.com/ONE_PIECE1013,ONE_PIECE1013,è’‹liå¸½ğŸ‘’
https://live.douyin.com/PangYing9886,PangYing9886,é¢–å„¿ç‘œä¼½_å¥½è¿è¿è¿
https://live.douyin.com/Phoenix_77777,Phoenix_77777,å°è²å„¿
https://live.douyin.com/P54040819,P54040819,lrå¤­é‡‘
https://live.douyin.com/Qianhui77444,Qianhui77444,ğŸ¹æƒ å­
https://live.douyin.com/QingHuan831,QingHuan831,æ¸…æ¬¢(é¡»å°½æ¬¢)
https://live.douyin.com/Quan20200724,Quan20200724,åœˆğŸ’ƒ
https://live.douyin.com/Qz11118888.,Qz11118888.,å“†å”»å’ªğŸ”¥
https://live.douyin.com/QIQI627,QIQI627,é½é½é½å°é±¼ğŸ’ƒ
https://live.douyin.com/QNing1125,QNing1125,é’æŸ ğŸƒ
https://live.douyin.com/QY010906,QY010906,èŠŠå…ğŸ³ğŸ’ƒ
https://live.douyin.com/Q37211225Y,Q37211225Y,åœˆåœˆğŸ»(é…·é…·åœˆ)
https://live.douyin.com/Rjiyoo,Rjiyoo,Rjiyoo
https://live.douyin.com/Roose.,Roose.,åˆ˜ä¹¦å«Rose
https://live.douyin.com/Ruirui257o,Ruirui257o,ç»´å…‹æ‰˜ç‘ğŸ¥”
https://live.douyin.com/R2shuo,R2shuo,ä¸­å›½èˆğŸ’•ç¡•ç¡•
https://live.douyin.com/R20248866,R20248866,æˆéƒ½æ°¸æ’å½±è§†æ–‡åŒ–ä¼ åª’æœ‰é™å…¬å¸
https://live.douyin.com/Shdij27463829,Shdij27463829,äºŒèƒ¡ğŸ‰å°æ¯›æ¯›
https://live.douyin.com/SobdeSaihan,SobdeSaihan,è‹å¸ƒå¾·_é©¬å¤´ç´
https://live.douyin.com/Spiritself997,Spiritself997,è¶Š_ç­
https://live.douyin.com/Sshuo614,Sshuo614,SyuğŸ©¶
https://live.douyin.com/Ss2011018,Ss2011018,å¼ è³æ¡‰â„
https://live.douyin.com/Sunwen99419,Sunwen99419,å­™é›¯ğŸ¦â€ğŸ”¥
https://live.douyin.com/Suxianji.,Suxianji.,è‹å¼¦å·±ğŸ¦Š
https://live.douyin.com/Su612612,Su612612,så°
https://live.douyin.com/SwqZheng,SwqZheng,ğŸ¦‹èŒœèŒœå¤ç­ğŸ¦‹
https://live.douyin.com/Syao88888,Syao88888,æ€ç‘¶ğŸâ¹Â²â´Â¹
https://live.douyin.com/SHJJJ07,SHJJJ07,è¾£æ¤’è™¾
https://live.douyin.com/SS831209,SS831209,å®‰å®‰ğŸ¼
https://live.douyin.com/SYC83625,SYC83625,é²¨ç”Ÿé±¼ä¸¸
https://live.douyin.com/Taotao2777,Taotao2777,å°æ¡ƒæ¡ƒ
https://live.douyin.com/Theone_98,Theone_98,TheoneğŸ•Š
https://live.douyin.com/Tianmao0301,Tianmao0301,ç”œçŒ«ğŸ±(3_1å·ğŸ‚)
https://live.douyin.com/Tiantian_696,Tiantian_696,ç™¾åˆ©æ¬
https://live.douyin.com/Ttu1225,Ttu1225,é¹¿å©·
https://live.douyin.com/Tt66992233,Tt66992233,å†µå°é‡
https://live.douyin.com/Tutu8317,Tutu8317,èåœåƒå…”å…”
https://live.douyin.com/TL22DD7,TL22DD7,ä¸€åªå°é€šï½ğŸŒ»
https://live.douyin.com/TONG_tong926,TONG_tong926,éŸ©å“å½¤
https://live.douyin.com/T1KAI,T1KAI,å‡¯æ–¯ç‰¹ğŸ¹
https://live.douyin.com/T2577777,T2577777,æ™šå®‰ğŸŒ™
https://live.douyin.com/T8048631,T8048631,ğŸ¦æ¤°æ¤°è™¾ğŸ¦_510
https://live.douyin.com/Violin_QuYan,Violin_QuYan,æ›²å²©ğŸ©Violin
https://live.douyin.com/WeiLa250,WeiLa250,éº»è¾£çº¢èåœ
https://live.douyin.com/Well8787,Well8787,kk
https://live.douyin.com/Wenzaozao1109,Wenzaozao1109,ä½‘ä¼˜(æ¸©è‰ºæ™´)ğŸ»â˜€ï¸
https://live.douyin.com/Wnr_3399.,Wnr_3399.,ç»´å¦®å„¿DanceğŸ‘£
https://live.douyin.com/Wtccc666,Wtccc666,æ–‡å©·ğŸ¦„ï¸
https://live.douyin.com/Wule12453,Wule12453,æ˜¯æˆ‘å†’é¥­äº†
https://live.douyin.com/Ww23100,Ww23100,æŸ³äº‘ç¿ğŸŒ‹
https://live.douyin.com/Wy987654y,Wy987654y,è”æç™½å…°åœ°
https://live.douyin.com/WHFCBF,WHFCBF,ä¸­å›½èˆå°ä»™å¥³ğŸ§šâ€â™€ï¸
https://live.douyin.com/WM899227,WM899227,å¦©å¦™ä¹‹éŸ³
https://live.douyin.com/WQ_0307_,WQ_0307_,ä¸€æ¯å¯å¯ç¾å¼
https://live.douyin.com/WRainT,WRainT,æ¸©é›¨å½¤
https://live.douyin.com/WW5529.,WW5529.,zry
https://live.douyin.com/WXC33333,WXC33333,ç‹å°è‰
https://live.douyin.com/W05291,W05291,çº¯ä¼Šå–ğŸ¦Š
https://live.douyin.com/W77LW,W77LW,å–µå–µğŸ«§
https://live.douyin.com/Xddo20050815,Xddo20050815,é‚“ä»€ä¹ˆ
https://live.douyin.com/Xiaolan5670,Xiaolan5670,æ²¡æœ‰æ´¾æ´¾
https://live.douyin.com/Xiaomaomie666,Xiaomaomie666,äººé—´å°å¥¶çŒ«
https://live.douyin.com/Xiaomi5200314,Xiaomi5200314,Luluç±³
https://live.douyin.com/Xiaomm123.,Xiaomm123.,æ•æ•mm
https://live.douyin.com/Xiaosisi123,Xiaosisi123,å°æ€æ€ğŸ’—
https://live.douyin.com/XingYi1111111111,XingYi1111111111,SuperèŠ±èŠ±
https://live.douyin.com/XinYao7777,XinYao7777,æ±Ÿé‘«ç‘¶
https://live.douyin.com/XueH99,XueH99,è–›æ¶µHannahğŸ»
https://live.douyin.com/Xxii92599,Xxii92599,æ¸…å˜‰ğŸ¦‹å¤ç­
https://live.douyin.com/Xxing20.,Xxing20.,æ˜ŸğŸŒŸğŸŒŸğŸŒŸ
https://live.douyin.com/Xxinx999,Xxinx999,ç”œæ¬£å„¿
https://live.douyin.com/Xyl521001,Xyl521001,ä¸€ç‰‡æ¤°å­ç³ğŸ¥¥
https://live.douyin.com/XIER166,XIER166,å–œå„¿
https://live.douyin.com/XSM18181888,XSM18181888,ğŸ’™Ou
https://live.douyin.com/XX112020,XX112020,å°ç‘„ç‘„ğŸ¤ğŸ¹
https://live.douyin.com/XYXY_xyxy_520,XYXY_xyxy_520,æœˆä¸Šå°ç‰å…”ğŸŒ™
https://live.douyin.com/XY121508,XY121508,è¯—è¯—xixi
https://live.douyin.com/Yanaiv,Yanaiv,å¸ƒç³
https://live.douyin.com/Yanyan09_,Yanyan09_,å¦å¦â˜˜ï¸é’¢ç´
https://live.douyin.com/Yf1027._.,Yf1027._.,éœå„¿
https://live.douyin.com/Yh777c,Yh777c,è§ğŸ”¥
https://live.douyin.com/YiMOMO_,YiMOMO_,ä»¥æ²«MOMO
https://live.douyin.com/Yuan_xya,Yuan_xya,æ¸Šå°é›…ğŸª½
https://live.douyin.com/YuanQing_1005,YuanQing_1005,é¸¢é’
https://live.douyin.com/Yue550330,Yue550330,æš–æœˆğŸŒ™
https://live.douyin.com/Yunzai105,Yunzai105,â˜ï¸äº‘å´½äº‘å´½ğŸ’ƒğŸ»
https://live.douyin.com/YunYipianoharp,YunYipianoharp,ğŸ¹äº‘ä¸€â˜ï¸
https://live.douyin.com/Yu1201777,Yu1201777,ä½™æ˜¯ä½™
https://live.douyin.com/YH00917,YH00917,çº¸æ¡å„¿ğŸ—ï¸
https://live.douyin.com/YMG1234567890,YMG1234567890,ç¾Šç¾ŠåŒå­¦ğŸ‘
https://live.douyin.com/YXX08127,YXX08127,å¦¤æ½‡æ½‡â°â¸Â¹Â²
https://live.douyin.com/YX112402,YX112402,æ€¡æ¬£ğŸŒ»
https://live.douyin.com/YYZ52340,YYZ52340,Lily_ğŸ
https://live.douyin.com/YZL7095,YZL7095,ä¸€æä¹
https://live.douyin.com/Y741057,Y741057,é¢–å„¿å¾ˆå“‡å¡ğŸ‘€
https://live.douyin.com/Zazil,Zazil,è™¾è‚‰
https://live.douyin.com/Zhouyangyang608,Zhouyangyang608,å‡¤ä¹ğŸŒ±
https://live.douyin.com/Zzi1111,Zzi1111,-Zz
https://live.douyin.com/Zzz000772,Zzz000772,çŒ«å°å¥½
https://live.douyin.com/Zz1.30.,Zz1.30.,@LucyğŸ”¥
https://live.douyin.com/Zz102102,Zz102102,éœœéœœ
https://live.douyin.com/Zz9255y,Zz9255y,å‘¨å°é›¨(502)
https://live.douyin.com/ZHizhi06,ZHizhi06,ZèŠğŸ¸
https://live.douyin.com/ZHUJIU007,ZHUJIU007,ç¥é…’
https://live.douyin.com/ZX132678,ZX132678,æœ±èŒœçš„å¤§æç´â˜€ï¸
https://live.douyin.com/ZYJ2000908,ZYJ2000908,èµµå–µå–µå–µ
https://live.douyin.com/ZYR122500,ZYR122500,çµç¶-ç¥å„¿ğŸ·
https://live.douyin.com/Z02810li,Z02810li,ä¸€å—æµ·ç»µ
https://live.douyin.com/Z9993211,Z9993211,æ¡ƒæ¡ƒğŸ‘
https://live.douyin.com/000ioio,000ioio,å…”äº†å“‡
https://live.douyin.com/010926Liao,010926Liao,åˆ«å«æˆ‘å»–å»–
https://live.douyin.com/03722.L,03722.L,åˆ˜é›…æ¶µâœ¨
https://live.douyin.com/04lanlan0818,04lanlan0818,æ‡’æ‡’yoğŸ¬
https://live.douyin.com/04nm,04nm,è’‹ä¸æ¸…ê•¥Â²â¸â·
https://live.douyin.com/050888888w,050888888w,ç”œå¿ƒåŒå­¦ğŸ¶
https://live.douyin.com/06080720_,06080720_,é‚±ç§‹ğŸ¦Š
https://live.douyin.com/06301093zy,06301093zy,å­é€¸
https://live.douyin.com/0879nnn,0879nnn,å¼¹ç´çš„å¦®å¦®å­ğŸ¹
https://live.douyin.com/10080430r,10080430r,ç„¶ä½œä½œ
https://live.douyin.com/101883587,101883587,æ™“æ™“âµÂ²â¹âµ
https://live.douyin.com/1030933333,1030933333,ä¸åƒé±¼æ‘†æ‘†
https://live.douyin.com/1042812628,1042812628,å°åˆ
https://live.douyin.com/1065701673,1065701673,æ¡‘æ¡‘Crow
https://live.douyin.com/1085209339,1085209339,é¥ºå­å‘³çš„èèğŸ¥Ÿ
https://live.douyin.com/10869068biu,10869068biu,æš´èºè´è¶ç»“ğŸ€
https://live.douyin.com/10988000,10988000,tinyWEI
https://live.douyin.com/11aipaojiao8,11aipaojiao8,è‹è‹susu
https://live.douyin.com/11ninixx.,11ninixx.,å’šå¦®
https://live.douyin.com/110LlllLll,110LlllLll,å’•å˜Ÿå®
https://live.douyin.com/1121087675,1121087675,ææä¸åŠ å†°ğŸ§Š
https://live.douyin.com/11422915,11422915,å–µé…±ğŸˆVK
https://live.douyin.com/11516357,11516357,å°å°ç‰›å¥¶æŸš
https://live.douyin.com/1180401880,1180401880,è¹¦è¿ªçš„å•¾å’ª
https://live.douyin.com/12000000K,12000000K,å¼ è‹¥é›ª
https://live.douyin.com/121980820,121980820,åˆäº”ä¸å”±rap
https://live.douyin.com/12218376,12218376,å¾®ä¸€ğŸ
https://live.douyin.com/1224JY,1224JY,å¤å°å¤©
https://live.douyin.com/1237337077,1237337077,DJ_Leeé…±
https://live.douyin.com/12621009,12621009,é›¨å´½
https://live.douyin.com/12773075,12773075,å•µå•µç¦Q
https://live.douyin.com/1278217979ai,1278217979ai,å„’å„’
https://live.douyin.com/1307774050,1307774050,Sisi
https://live.douyin.com/1313443080,1313443080,ä¸€ä¸€ğŸ»
https://live.douyin.com/13142021153232.,13142021153232.,è±ä¸€å–
https://live.douyin.com/1335626787,1335626787,åœ†è„¸å°å½¤er
https://live.douyin.com/1358668930,1358668930,ç²¥ç²¥å‘€
https://live.douyin.com/136602457,136602457,å¤¹å¿ƒè±†èŠ½
https://live.douyin.com/1396182608,1396182608,è£´è€å¸ˆğŸ§‹
https://live.douyin.com/141823223,141823223,é›¨å©·-æ‹‰ä¸èˆğŸ’ƒ
https://live.douyin.com/142299222,142299222,æ¨é“„â¶Â²Â²
https://live.douyin.com/1512009749,1512009749,é¦¬ç³
https://live.douyin.com/1533701905,1533701905,ç¦èŠ¯é’¢ç´
https://live.douyin.com/1579206659,1579206659,å°é¢‡ğŸ½(åˆ˜ä½³æ€¡)
https://live.douyin.com/1599891301,1599891301,å°ä¼Šç¡ä¸é†’ğŸ¦‹
https://live.douyin.com/161616yun,161616yun,â˜ï¸æ—ä¸€â˜ï¸ğŸ¹(2æœˆ28æ—¥å‘¨å¹´)
https://live.douyin.com/16259431,16259431,02
https://live.douyin.com/1628652176,1628652176,æ¢¨é¥¿é¥¿ğŸ
https://live.douyin.com/16804829,16804829,éœ¸ç‹K__Katherine
https://live.douyin.com/1680518237,1680518237,zyhhğŸ¹
https://live.douyin.com/168970295,168970295,æ¡ƒæ¡ƒè®°äº‹æœ¬
https://live.douyin.com/1689768,1689768,â€¦
https://live.douyin.com/175355248,175355248,Q
https://live.douyin.com/175604496,175604496,ç¾å
https://live.douyin.com/1782035051,1782035051,Auç¬‘ç¬‘
https://live.douyin.com/178436594,178436594,çƒçƒä½ äº†
https://live.douyin.com/1799mtt,1799mtt,ç”°ç”°ğŸ’ƒ
https://live.douyin.com/180erjiu,180erjiu,180ç–ç–
https://live.douyin.com/1806558348,1806558348,æ ¼æ ¼â„˜
https://live.douyin.com/188326552,188326552,æ¥ä¸€æ¯å¯ä¹âœ”
https://live.douyin.com/19098822t,19098822t,Like
https://live.douyin.com/1950326646,1950326646,å“å‘¦Â²Â¹ğŸ¸
https://live.douyin.com/1979077373,1979077373,èŠŠå¦¤ğŸ¤
https://live.douyin.com/1986319948,1986319948,AMiÂ¹ç²’
https://live.douyin.com/198972833,198972833,RRä¼šæ‹‰å¤§æç´
https://live.douyin.com/1991917199,1991917199,å†°é•‡æ¤°æ¤°ğŸ¥¥
https://live.douyin.com/2000417LYT,2000417LYT,è„†å¼±çš‡å¸
https://live.douyin.com/2002mini,2002mini,å¼¥å¦®Mini
https://live.douyin.com/200211111zz,200211111zz,ç˜¦è‚‰ç²¥
https://live.douyin.com/20030415..,20030415..,æ†¨æ†¨å°æ¥ 
https://live.douyin.com/2003968859,2003968859,è¥¿è¥¿ğŸ°
https://live.douyin.com/20040719xi,20040719xi,å…®å…®ä¸é¥¿å•¦
https://live.douyin.com/2010972412,2010972412,è¥¿æŸšã…¤
https://live.douyin.com/2024baihe,2024baihe,å¸¦åˆºçš„ç™¾åˆ
https://live.douyin.com/20313127146,20313127146,æ™¯å°ç”œ
https://live.douyin.com/20342193755,20342193755,Aä¸Šå»äº†
https://live.douyin.com/203561331,203561331,æ‹½æ‹½(ASMR)
https://live.douyin.com/20761827776,20761827776,ä»»è¹è¹ğŸ¹piano
https://live.douyin.com/209483358,209483358,é›¶é›¶å£¹
https://live.douyin.com/20981777848,20981777848,é¥±é¥±(ä¸­å›½èˆ)
https://live.douyin.com/209838707,209838707,xi
https://live.douyin.com/21045872,21045872,ee
https://live.douyin.com/211175984,211175984,å—å«£
https://live.douyin.com/213202415,213202415,å°ç±³é˜Ÿé•¿
https://live.douyin.com/21402179619,21402179619,å¨„é¦¨æ¬£
https://live.douyin.com/2174602086,2174602086,è‰äºšğŸµ
https://live.douyin.com/21832651092,21832651092,æ¥ ç‰å°æ€ªå…½
https://live.douyin.com/21851359900,21851359900,G_å¾¡èŠ±ç¼˜
https://live.douyin.com/22040031394,22040031394,ä¸‹é”…ç‚–è‚‰
https://live.douyin.com/22072911170,22072911170,æ›¦æ›¦ğŸ¹
https://live.douyin.com/22177232729,22177232729,ğŸ¹-å°çŸ­è…¿99
https://live.douyin.com/22271001c.,22271001c.,è‡­è™«áƒ¦
https://live.douyin.com/22935y,22935y,å°è¨€å¦ƒ
https://live.douyin.com/23025940161,23025940161,å‘½åå°é›ª
https://live.douyin.com/23139916924,23139916924,é«˜å¤•å¦ğŸ‘»
https://live.douyin.com/23149623222,23149623222,é™ˆåœ†åœ†
https://live.douyin.com/23188868429,23188868429,å°è¡Œæ˜ŸÂ²â·â·ğŸ’ƒ(å…»åˆ†ç‰ˆ)
https://live.douyin.com/23458355085,23458355085,æ™“ç’‡ğŸ°à½²à¾€
https://live.douyin.com/23630664908,23630664908,æå¯»æ¬¢
https://live.douyin.com/23963005578,23963005578,é›¾éœ­
https://live.douyin.com/23984611131,23984611131,ä¸æ˜¯é˜¿èŒ¶
https://live.douyin.com/24100376392,24100376392,å­œå†‰åŒå­¦
https://live.douyin.com/242136794zly,242136794zly,ç”œæ¬£
https://live.douyin.com/24327769136,24327769136,å°æ™º
https://live.douyin.com/249249168.,249249168.,å°ç”œçŒªğŸ½ğŸ’ƒ
https://live.douyin.com/25060008924,25060008924,ç§‹__ç§‹
https://live.douyin.com/25091097523,25091097523,è´¦å·å·²æ³¨é”€
https://live.douyin.com/25327877185,25327877185,è¯—å°å¥ˆ
https://live.douyin.com/25402582185,25402582185,è´¦å·å·²æ³¨é”€
https://live.douyin.com/25558016538,25558016538,ç§äººè€å¸ˆ2_0ç‰ˆ
https://live.douyin.com/25692211000,25692211000,å­æ¸çˆ±åƒé±¼
https://live.douyin.com/25768200,25768200,èœèœå­_ğŸ¥¬
https://live.douyin.com/25853337848,25853337848,ç…¤æ°”ç½
https://live.douyin.com/25858858681,25858858681,å¿ƒæƒ…å¾ˆæ„‰æ‚¦çš„äººç±»
https://live.douyin.com/26164640357,26164640357,TTå¤§ç‹
https://live.douyin.com/26209724733,26209724733,æŸ ä»€ä¹ˆæª¬ğŸ‹
https://live.douyin.com/26350315597,26350315597,è™¾ä»ä¸çœ¨çœ¼ğŸ¤
https://live.douyin.com/26812254082,26812254082,ç–¯æ‰¹ç¾äººğŸŒ³ğŸ”¥
https://live.douyin.com/27001703211,27001703211,å°è™ç‰™çš„å°æç´
https://live.douyin.com/27042583112,27042583112,ä¸¸ä¸¸
https://live.douyin.com/27074682195,27074682195,å®‹ä¾ç‘¶
https://live.douyin.com/27151860871,27151860871,å­™å°é¢–
https://live.douyin.com/271677840,271677840,â˜ï¸æ±â›…ï¸
https://live.douyin.com/27229488493,27229488493,æ²å®å‘€
https://live.douyin.com/273202552,273202552,èœ¡ç¬”å°çªğŸ¬
https://live.douyin.com/27324367670,27324367670,åƒè‚‰è‚‰å‘¢
https://live.douyin.com/27569459368,27569459368,å°éƒ­ğŸ¹_ğŸ¹
https://live.douyin.com/28056092369,28056092369,è–„è·å·(æ”¾å¹´å‡ç‰ˆ
https://live.douyin.com/28451213222,28451213222,å–œä¹‹éƒçš„ç¾Š
https://live.douyin.com/28675906827,28675906827,ä¸€åªç™½
https://live.douyin.com/28976923501,28976923501,å°ä¹ä¹peri
https://live.douyin.com/29032209,29032209,éº¦èŠ½
https://live.douyin.com/29072450297,29072450297,Liæ —æ —
https://live.douyin.com/29090647602,29090647602,èŠŠèŠŠå„¿ğŸŒâ¸â¸Â²â·
https://live.douyin.com/291545769,291545769,ç§‹é¹¤å•é£
https://live.douyin.com/29205733258,29205733258,è´¦å·å·²æ³¨é”€
https://live.douyin.com/29333754112,29333754112,å°ä¹Œè‹ğŸ¦€ï¸
https://live.douyin.com/29424233060,29424233060,èèå‘€
https://live.douyin.com/29555190,29555190,å°å°è‹ğŸˆ
https://live.douyin.com/29595171,29595171,è¿™æ˜¯æ€çªå‘€ï½
https://live.douyin.com/29685042936,29685042936,äºŒå©·ğŸ§Ÿâ€â™€ï¸å›½èˆ
https://live.douyin.com/29691268619,29691268619,å°å…å„¿(åŠªåŠ›ç‰ˆ)
https://live.douyin.com/29753881331,29753881331,å°æ³½
https://live.douyin.com/30088567258,30088567258,è´¦å·å·²æ³¨é”€
https://live.douyin.com/30627612487,30627612487,å°ä»™å¥³è¾›è¾›è…»
https://live.douyin.com/30641648777,30641648777,è´¦å·å·²æ³¨é”€
https://live.douyin.com/30957100766,30957100766,æ˜¯å°æ¬§âœŒï¸
https://live.douyin.com/31063437735,31063437735,å¿ƒç¥Â³Â¹â¹ğŸ¤
https://live.douyin.com/31419497324,31419497324,è´¦å·å·²æ³¨é”€
https://live.douyin.com/31573409708,31573409708,å’Œä½ è“å®ŒğŸ«
https://live.douyin.com/31931958264,31931958264,å°æ™´æ— å°å·ğŸ¹
https://live.douyin.com/320416569,320416569,è‹—ç–†å°‘å¥³-å°ç‘¶ğŸŒ»
https://live.douyin.com/32085864399,32085864399,å…æ©U_mi
https://live.douyin.com/32257977,32257977,ä¸‰å£é¦™èŠ‹ğŸ¥ª
https://live.douyin.com/3239284868yx,3239284868yx,X_uexue
https://live.douyin.com/3239284868yyyy,3239284868yyyy,xueé›ª
https://live.douyin.com/32503526206,32503526206,åª›åª›Donna
https://live.douyin.com/3281694,3281694,å¤§ç¾ğŸà½²à¾€(è„šä¼¤ä¸è·³èˆ)
https://live.douyin.com/33liki,33liki,San33
https://live.douyin.com/335281543,335281543,@Aæƒ¹æå“¥-æ¯ä½ å¤©å ‚ğŸ’—ï½
https://live.douyin.com/3407928w,3407928w,å°ä¹çªğŸ’ƒ
https://live.douyin.com/34283689548,34283689548,èŠŠç¥å¤ç­
https://live.douyin.com/34443292281,34443292281,éŸ©æ¾æœˆğŸ¦‹
https://live.douyin.com/345283290,345283290,å¤©æ‰éœ¸æ€»
https://live.douyin.com/34599702893,34599702893,Yiyiii
https://live.douyin.com/34619755345,34619755345,ä¸€å£ä¸€ä¸ªå…«å
https://live.douyin.com/34628688521,34628688521,ç†™æºğŸ“
https://live.douyin.com/346647515,346647515,å“èˆ’æ™¨â˜€ï¸Vierra
https://live.douyin.com/34724690078,34724690078,å°ç†Šä¸å‡¶
https://live.douyin.com/3475170,3475170,åª›åª›ä¸æ–¹ğŸªˆğŸ”
https://live.douyin.com/35057118764,35057118764,NANAnaa
https://live.douyin.com/35345515691,35345515691,å»–å»–æ–‡åŒ–ä¼ åª’
https://live.douyin.com/35530820791,35530820791,Mimi
https://live.douyin.com/35672435,35672435,å´½ä¸‹æ¯›æ¯›é›¨
https://live.douyin.com/36007292434,36007292434,ç±³å¥‡ç³ğŸ¶
https://live.douyin.com/36264029438,36264029438,å¸å¥³
https://live.douyin.com/36386016777,36386016777,æ°´èœœæ¡ƒæ¡ƒğŸ‘
https://live.douyin.com/36507589772,36507589772,æ™´å®ğŸ¦¢
https://live.douyin.com/36614981124,36614981124,è™å§¿â˜‚ï¸éª¨æŠ˜å…»ä¼¤ä¸­
https://live.douyin.com/3668835,3668835,æ±Ÿé¸Ÿã€
https://live.douyin.com/36854724932,36854724932,é‡‘æ³°å¦-
https://live.douyin.com/37dd1,37dd1,37Â°3
https://live.douyin.com/37143918943,37143918943,å¿ƒåŠ¨ä¸¶J
https://live.douyin.com/371903354,371903354,é©¬å¤´ç´ğŸ´å­™å¿«å¿«ğŸµ
https://live.douyin.com/372117479,372117479,å‰ä»”çš„å…¨éŸ³ç¬¦ğŸ¹
https://live.douyin.com/37379350883,37379350883,èŒèŒâœ¨
https://live.douyin.com/375279460,375279460,é‡‘é²¤ğŸŒŸ
https://live.douyin.com/37626124839,37626124839,Ciciç‰›ğŸ®
https://live.douyin.com/3773755,3773755,è‰è‰^^
https://live.douyin.com/378539621,378539621,å‘¨èŠ·è‹¥ç‡ƒè„‚è®­ç»ƒ
https://live.douyin.com/38140519478,38140519478,çˆ±ä¸½ä¸å„¿ğŸ¹
https://live.douyin.com/381963370,381963370,áƒ¦á¯¤ä¾ç„¶Ê¸áµ’áµ˜
https://live.douyin.com/38210844531,38210844531,å…”å­å°å§
https://live.douyin.com/38332228121,38332228121,è´¦å·å·²æ³¨é”€
https://live.douyin.com/38523147964,38523147964,å¸ŒéŸ³
https://live.douyin.com/387574708,387574708,å°äº¦å¤§å¤§ç‹
https://live.douyin.com/39028052058,39028052058,ç´ ç´ _ğŸ¹
https://live.douyin.com/39171841279,39171841279,39171841279
https://live.douyin.com/39193914444,39193914444,æ˜­æ˜­@
https://live.douyin.com/39270075341,39270075341,äºŒåâ€¢
https://live.douyin.com/39285484784,39285484784,æµæµªå®…
https://live.douyin.com/39330088300,39330088300,ä½ çš„æ€¡ç„¶
https://live.douyin.com/39392230348,39392230348,é¦…é¦…
https://live.douyin.com/3941797,3941797,å°å¸ŒğŸ€
https://live.douyin.com/39460532400,39460532400,è´¦å·å·²æ³¨é”€
https://live.douyin.com/39735756357,39735756357,çµå„¿ğŸ°
https://live.douyin.com/3979660_,3979660_,ç©ºå¿ƒèœ
https://live.douyin.com/40074555yy,40074555yy,å°é›¨å¤©æ°”mo
https://live.douyin.com/40111008375,40111008375,è´¦å·å·²æ³¨é”€
https://live.douyin.com/4013595,4013595,ä¹”ä¹”ä¸ç†¬å¤œğŸ±
https://live.douyin.com/40450497419,40450497419,è‰é›…
https://live.douyin.com/40451494763,40451494763,ç™½é¹­ğŸ•Š
https://live.douyin.com/40818756724,40818756724,é—ªå…‰ç‰›å ¡å ¡âœ¨
https://live.douyin.com/41235214281,41235214281,é¢‚ä¼Š
https://live.douyin.com/41275895935,41275895935,è´è´ç†ŠğŸ»(å›½èˆç‰ˆ)
https://live.douyin.com/4175322yi,4175322yi,Okk
https://live.douyin.com/42077912804,42077912804,è»’å°¼è©©_Richard
https://live.douyin.com/42089759513,42089759513,ğŸŒ™æœˆå°æ™´â˜€ï¸
https://live.douyin.com/42249505959,42249505959,å¯è¾£
https://live.douyin.com/42267801163,42267801163,è™«è™«å¥³ç‹(é™å®šç‰ˆ)
https://live.douyin.com/42330980832,42330980832,çˆ±å–å¥¶èŒ¶çš„æš–ç¾Šç¾Š
https://live.douyin.com/42766523751,42766523751,å£«å¤šå•¤æ¢¨S
https://live.douyin.com/43143602678,43143602678,è´¦å·å·²æ³¨é”€
https://live.douyin.com/43685241686,43685241686,yayaç‰™ğŸ¦·
https://live.douyin.com/43755053543,43755053543,è´¦å·å·²æ³¨é”€
https://live.douyin.com/4420398douzi,4420398douzi,è±†å­ğŸ¥
https://live.douyin.com/44448888555g,44448888555g,ğŸ¹é¥­ä¸ç€é¥¿è‚šå­
https://live.douyin.com/44936119,44936119,å¸ç³æ¶µ(
https://live.douyin.com/45008930789,45008930789,å°è°­åŒå­¦
https://live.douyin.com/45015037213,45015037213,å‘¼å«æ˜Ÿæ˜Ÿ
https://live.douyin.com/45249855593,45249855593,å•å¥½å¥½ğŸª
https://live.douyin.com/45375511552,45375511552,æ¢¦ç‘¶â¤ï¸
https://live.douyin.com/45391283911,45391283911,æ±Ÿå‡
https://live.douyin.com/45803058764,45803058764,é›ªé›·é›·
https://live.douyin.com/45898111357,45898111357,FelizğŸ„
https://live.douyin.com/46235689947,46235689947,å¯è±
https://live.douyin.com/46418151674,46418151674,æ—ä¸€ä¸€
https://live.douyin.com/46533804249,46533804249,å‡¡çš„å·¥ä½œå®¤
https://live.douyin.com/4663570,4663570,å¦‚æ„å­¦å§ğŸ¼
https://live.douyin.com/47036762676,47036762676,éº»è–¯â€
https://live.douyin.com/47145222554,47145222554,é—¯å…³å°ç¾ç¾Š
https://live.douyin.com/47160363557,47160363557,è´¦å·å·²æ³¨é”€
https://live.douyin.com/47451704,47451704,æ€æ€åŒå­¦
https://live.douyin.com/47601497707,47601497707,çŠçŠğŸ’¤
https://live.douyin.com/47723430916,47723430916,è´¦å·å·²æ³¨é”€
https://live.douyin.com/48076264704,48076264704,è’œé¦™çº¢çƒ§è‚‰
https://live.douyin.com/48230399085,48230399085,å°è…°ç²¾i(3_1ç”Ÿæ—¥ç‰ˆğŸ‚)
https://live.douyin.com/48337118238,48337118238,å°å¶å­ğŸƒ
https://live.douyin.com/48511148936,48511148936,å¯çˆ±å¤¹å¿ƒé¥¼å¹²
https://live.douyin.com/48639985983,48639985983,è´¦å·å·²æ³¨é”€
https://live.douyin.com/48647419,48647419,ä¹ä¹(åé›ªè“‰)
https://live.douyin.com/4865362,4865362,Pang_DiğŸª¶
https://live.douyin.com/48712288332,48712288332,è¶…è¶…ç†Š
https://live.douyin.com/49195207143,49195207143,å‡ŒèŒœ(å‘¨äº”10_30æ˜¥ä¸Šæ–°
https://live.douyin.com/49440274793,49440274793,è·‘è°ƒç‰™
https://live.douyin.com/50020597404,50020597404,èœ¡ç¬”å°æ†¨æ†¨(ä¼‘æ¯ä¸­)
https://live.douyin.com/50433235017,50433235017,æ¸…æœˆâ˜ï¸
https://live.douyin.com/50571932334,50571932334,èµµè€å„¿
https://live.douyin.com/50715561360,50715561360,Yyear
https://live.douyin.com/5074338,5074338,å¤§æç´ğŸµRonyè‚‰è‚‰
https://live.douyin.com/50818737641,50818737641,å°‘åƒä¸€é¡¿ä¹åæ–¤
https://live.douyin.com/5089191,5089191,å«æˆ‘å°è‰è“å°±å¥½å•¦
https://live.douyin.com/51044546913,51044546913,é›¯é›¯å°”é›…ğŸ“
https://live.douyin.com/51231885519,51231885519,æ›Œå
https://live.douyin.com/51243679573,51243679573,å¤ç´ä¸€éœ
https://live.douyin.com/51420801,51420801,Rui
https://live.douyin.com/52linbao,52linbao,è¥¿å­Luckâ¤ï¸
https://live.douyin.com/520kx1006,520kx1006,å¯æ¬£å„¿
https://live.douyin.com/52006yy,52006yy,æˆ‘ä¸å¦®å§ğŸ¯
https://live.douyin.com/52100455925,52100455925,çº¯å…ƒ
https://live.douyin.com/52312119728,52312119728,æ¸…æ¸…ğŸ°
https://live.douyin.com/5238276,5238276,Vickyä¸ƒä¸ƒâ›“ï¸
https://live.douyin.com/52685995833,52685995833,hello_77
https://live.douyin.com/52831686059,52831686059,å‘¨èŠ·è‹¥ğŸŒ¸
https://live.douyin.com/52960140844,52960140844,å°åœ†åŒå­¦
https://live.douyin.com/52983788285,52983788285,æˆ‘æ˜¯æœæœğŸ¥­
https://live.douyin.com/53365351866,53365351866,æ¡ƒè¯—è¯—Venus
https://live.douyin.com/53679304749,53679304749,åœŸè±†ğŸ©°(ä¸­å›½èˆ)
https://live.douyin.com/53775000404,53775000404,ç§‹é£è§ç‘Ÿ
https://live.douyin.com/53964788071,53964788071,é…±é…±ovo
https://live.douyin.com/54009289078,54009289078,å…ƒæ°”UU
https://live.douyin.com/54334598,54334598,åæ³¡æ³¡
https://live.douyin.com/54469371419,54469371419,æ‹‚èŠ±
https://live.douyin.com/54491886250,54491886250,è´¦å·å·²æ³¨é”€
https://live.douyin.com/54508183035,54508183035,å°æ¬£ç¾äºº
https://live.douyin.com/5475124,5475124,æœˆäº®ç¡ç€äº†ğŸŒ™
https://live.douyin.com/54855785841,54855785841,ç›®å¤•ğŸ¹
https://live.douyin.com/54873316729,54873316729,è‘±è‘±
https://live.douyin.com/55115297281,55115297281,è‹èˆ
https://live.douyin.com/55315051782,55315051782,å†°å†°é¥±é¥±
https://live.douyin.com/55915442359,55915442359,AD
https://live.douyin.com/56368353511,56368353511,ç¬‘ç¬‘
https://live.douyin.com/56378993220,56378993220,è´¦å·å·²æ³¨é”€
https://live.douyin.com/56689422499,56689422499,è´¦å·å·²æ³¨é”€
https://live.douyin.com/56713824496,56713824496,å”é¢–RaincyğŸ«§
https://live.douyin.com/56914116876,56914116876,èœ¡ç¬”å°æŸ’ğŸ–ï¸_â°â·â·
https://live.douyin.com/57041867193,57041867193,ç¾å°å¦®
https://live.douyin.com/5715300,5715300,å°é½å¾—éš†å’šğŸ¥
https://live.douyin.com/57202938253,57202938253,è‰¾_5ğŸ’“
https://live.douyin.com/57207776565,57207776565,äºŒè›‹è¶…äºº
https://live.douyin.com/57391623,57391623,ç’å´½å£°æ§åŠ©çœ ğŸŒ¼åŠ ç­ç‰ˆ
https://live.douyin.com/57406799515,57406799515,è´¦å·å·²æ³¨é”€
https://live.douyin.com/57766632225,57766632225,è°·è°·ğŸ•Šï¸
https://live.douyin.com/57785511240,57785511240,å­æ¶µ_å¤ç­âœ¨
https://live.douyin.com/58330447497,58330447497,å…ƒæ°”ç”œç”œç”œğŸ’
https://live.douyin.com/58353153531,58353153531,è´¦å·å·²æ³¨é”€
https://live.douyin.com/58688289940,58688289940,èŠŠä¸€
https://live.douyin.com/58814359563,58814359563,å¼ å¼ ç¡ä¸é†’ğŸ’¤
https://live.douyin.com/588678350,588678350,é­”éƒ½å°åå(å…»åˆ†ä¸­)
https://live.douyin.com/59320413134,59320413134,12Showç§€
https://live.douyin.com/593334700,593334700,çå¦®çš„ç­(å°Šå¸ˆå°è‡£)
https://live.douyin.com/59368405308,59368405308,å¸ƒè°·é¸Ÿ
https://live.douyin.com/59377403,59377403,å°é±¼å°å¦¤
https://live.douyin.com/59575728052,59575728052,åœˆåœˆğŸ¹
https://live.douyin.com/59626018525,59626018525,å°æ¢¦ğŸ§šä¸­å›½èˆ(2æœˆ28æ»¡æœˆ)
https://live.douyin.com/60260620,60260620,æ–‡ä¸½â€
https://live.douyin.com/60345750,60345750,é™ˆ66ğŸ“
https://live.douyin.com/60377673921,60377673921,é›ªå¦ğŸ’ƒæ‹‰ä¸èˆ(2_27ç™¾æ—¥åº†ç‰ˆ)
https://live.douyin.com/60458670214,60458670214,Danceé±¼ä¸€ä¸€
https://live.douyin.com/60467371769,60467371769,å¤§ç¾çš„değŸ’ƒä¸­å›½èˆ
https://live.douyin.com/60587024910,60587024910,è•Šè•Š(ç§¯åˆ†èµ›)
https://live.douyin.com/60661281635,60661281635,æœ¨å—å—
https://live.douyin.com/60901615668,60901615668,é­è«å­
https://live.douyin.com/61212788627,61212788627,é»å´½
https://live.douyin.com/61428799995,61428799995,è±¡è±¡å®
https://live.douyin.com/6147546,6147546,Sallyé’°
https://live.douyin.com/61682232614,61682232614,é‡åŸè‘µ-
https://live.douyin.com/62193699429,62193699429,yi
https://live.douyin.com/62232697,62232697,ä½ çš„å°å›
https://live.douyin.com/62241728827,62241728827,å‘¨å°å¯ä»¥ğŸ‘ŒğŸ»
https://live.douyin.com/62253755627,62253755627,å§œè±ğŸ’
https://live.douyin.com/62266236476,62266236476,ç³•å†·å°å‡Œ
https://live.douyin.com/63005873100,63005873100,å“ç„¶
https://live.douyin.com/63076590945,63076590945,å­¦ä¸æƒ ğŸ¦‹
https://live.douyin.com/63134768062,63134768062,åä¸‰Â¹Â³ğŸ’ƒæ‹‰ä¸èˆ
https://live.douyin.com/63154395577,63154395577,å©‰å©‰yğŸ’ƒğŸ»
https://live.douyin.com/63223744388,63223744388,ä¸€åªå°çš®çŒ´ğŸ™Š
https://live.douyin.com/63254874068,63254874068,å°é’å°ç™½2_0
https://live.douyin.com/63503769325,63503769325,å¤šç‚¹
https://live.douyin.com/63563398872,63563398872,è´¦å·å·²æ³¨é”€
https://live.douyin.com/63661022205,63661022205,Juuu
https://live.douyin.com/63935873956,63935873956,zz
https://live.douyin.com/64224810196,64224810196,å¥¶é¦™æ¤°å­æ±ğŸ¥¥
https://live.douyin.com/64426DY,64426DY,æ³½æ³½å•Š
https://live.douyin.com/652885199M,652885199M,å¤å°æ™šğŸ¤
https://live.douyin.com/65383205184,65383205184,å¤¢
https://live.douyin.com/65424371365,65424371365,çº¯æƒœğŸ¦‹
https://live.douyin.com/65706992997,65706992997,æ¡ƒå­
https://live.douyin.com/65727711891,65727711891,è§£é”å¡
https://live.douyin.com/659682902,659682902,é’±æœµæœµ
https://live.douyin.com/66075181296,66075181296,å¤ç­ç‘¶ç‘¶
https://live.douyin.com/661QQ,661QQ,æ¤°å­ğŸŠ
https://live.douyin.com/66205640474,66205640474,æ²¡æœ‰å°çå¦®äº†
https://live.douyin.com/662717yy23,662717yy23,è‹æ–‡è‰º
https://live.douyin.com/66383694340,66383694340,è™ç‰™å¯å¯ğŸ¹
https://live.douyin.com/66411383021,66411383021,å‡Œä¾çº¯ğŸ„
https://live.douyin.com/664834011,664834011,é™ˆæ™“ç«¹
https://live.douyin.com/66581876526,66581876526,è‹æ™´ğŸ”®å¤ç­
https://live.douyin.com/666XZE888,666XZE888,è‚–æ›Œå„¿(3æœˆ2å·ğŸ£ç”Ÿä¸ªæ—¥ğŸ°)
https://live.douyin.com/666888hh99,666888hh99,æ™—è‰ºğŸ¦‹
https://live.douyin.com/66759578565,66759578565,éœ²æ™å‘
https://live.douyin.com/67479187585,67479187585,å¤•ç‘¶ğŸŠ
https://live.douyin.com/67635800546,67635800546,Crayon
https://live.douyin.com/67885036782,67885036782,æå˜‰é¹­ğŸ¦ŒğŸ¦Œâ°Â³Â²â¹
https://live.douyin.com/68111146803,68111146803,è›‹åŒ…é¥­å¦¹å¦¹
https://live.douyin.com/68234473409,68234473409,68234473409
https://live.douyin.com/68282215789,68282215789,å°ç¬™çˆ±å¹ç¬™
https://live.douyin.com/68346770300,68346770300,é˜¿æœˆğŸŒ™
https://live.douyin.com/68440467882,68440467882,è”ææ°´èœœæ¡ƒ
https://live.douyin.com/68587673604,68587673604,æ¢¦èŒ¹(ä¸­å›½èˆ)ğŸ’ƒ
https://live.douyin.com/68666na,68666na,Fairy
https://live.douyin.com/686868mhb,686868mhb,å‰å¥³å‹
https://live.douyin.com/68969072189,68969072189,ä¸€é¢—ç”œå¨‡å‘€
https://live.douyin.com/69030989980,69030989980,æ¨å“ˆå“ˆ
https://live.douyin.com/69081073340,69081073340,å¥‡è¿¹å©‰å©‰
https://live.douyin.com/69146370867,69146370867,éšä¾¿ğŸ¦
https://live.douyin.com/69461208,69461208,Viko
https://live.douyin.com/69523053387,69523053387,èŒå•ŠèŒğŸ¥•Â¹Â¹â°Â²
https://live.douyin.com/69558422000,69558422000,ç”œå¿ƒä»”
https://live.douyin.com/69692970009,69692970009,æ˜Ÿå‘†éœ²^_ğŸ°
https://live.douyin.com/7qq7_H,7qq7_H,æ¸…ç¦¾ğŸ¦„
https://live.douyin.com/70134541975,70134541975,å¤ç­å…å„¿ğŸŠ
https://live.douyin.com/70382674413,70382674413,ç¥–æ˜¥é›¨
https://live.douyin.com/70590836189,70590836189,ç¬¨ç¬¨æœ‰ç‚¹ç”œ_ğŸ©
https://live.douyin.com/70676978511,70676978511,ä¸‡å® å„¿ğŸ‘
https://live.douyin.com/70706948927,70706948927,é»‘ç™½ç°ğŸ¦·
https://live.douyin.com/70784115524,70784115524,çˆ±ä¸½ä¸(å…»åˆ†ç‰ˆ)
https://live.douyin.com/70853996927,70853996927,é—»å›ğŸğŸ‰
https://live.douyin.com/70983017521,70983017521,è´¦å·å·²æ³¨é”€
https://live.douyin.com/71362689542,71362689542,æ¬£ç³–ğŸ¬
https://live.douyin.com/7150371,7150371,å®‡æ™ºæ³¢æ¸…æ¸…
https://live.douyin.com/71785023231,71785023231,ç‘¶ç‘¶ä¹ğŸ’ƒ
https://live.douyin.com/72077719508,72077719508,è´¦å·å·²æ³¨é”€
https://live.douyin.com/72164750,72164750,å°é™¶å­
https://live.douyin.com/72234689274,72234689274,UUğŸ‹
https://live.douyin.com/72382642644,72382642644,çŸ¥çŸ¥Gy
https://live.douyin.com/72415386,72415386,æ—çƒŸğŸ’§è„¸è¿‡æ•äº†
https://live.douyin.com/72527584152,72527584152,ä¹ä¹o
https://live.douyin.com/73065751356,73065751356,æ±Ÿå½±å„¿ğŸ¹
https://live.douyin.com/73127858066,73127858066,æ™šè¤ğŸ§šğŸ»
https://live.douyin.com/73170769753,73170769753,Nuna
https://live.douyin.com/7335955,7335955,Iriså­Ÿä¸¹ä¸¹
https://live.douyin.com/73538931175,73538931175,æ™¨æ›¦å¤ç­âœ¨
https://live.douyin.com/73584684079,73584684079,è¥¿ç±³éœ²
https://live.douyin.com/73740505708,73740505708,è‡´å¦âœˆï¸
https://live.douyin.com/73745781810,73745781810,è´¦å·å·²æ³¨é”€
https://live.douyin.com/74304777132,74304777132,å•µæ¯”å•µğŸ”‹
https://live.douyin.com/74515340800,74515340800,æè‹¥å½¤ğŸ¹Â¹Â¹â°â¹
https://live.douyin.com/74544384974,74544384974,å·å¿ƒä¹æœˆå¤©
https://live.douyin.com/74783994080,74783994080,è´¦å·å·²æ³¨é”€
https://live.douyin.com/74798829658,74798829658,æ—ä¹ç‘¶
https://live.douyin.com/74818581712,74818581712,æ¢“æ«ğŸ¬
https://live.douyin.com/7487907,7487907,å®å®168
https://live.douyin.com/75290431263,75290431263,Jadeé…’ç–
https://live.douyin.com/75633876260,75633876260,è‘£é›¨çª
https://live.douyin.com/75723721227,75723721227,é˜¿é‡Œå˜å¤šæææ¡‘
https://live.douyin.com/75793748236,75793748236,é‡‘ä¸»ä»»
https://live.douyin.com/7599968Y,7599968Y,äº¿æ¨
https://live.douyin.com/76109632908,76109632908,ç™¾å˜å°å¸ŒğŸŒ™
https://live.douyin.com/76615719233,76615719233,ğŸŠç”œæ©™æ±er
https://live.douyin.com/76675806073,76675806073,é¦™ä¸ƒä¸ƒå‘€_aini
https://live.douyin.com/76774407042,76774407042,ç¡çœ ç”µå•µğŸ’¤
https://live.douyin.com/77cc_2024,77cc_2024,7ï¸âƒ£ğŸ 
https://live.douyin.com/77devi,77devi,æš´èµ°å“¥æ–¯å‘
https://live.douyin.com/77053936362,77053936362,é«˜é™é¦™ğŸ¹
https://live.douyin.com/7758258xiaotui,7758258xiaotui,ä½›å±±å¸‚å¸ƒäºç¡®äºŒæœ‰é™å…¬å¸
https://live.douyin.com/77618999y,77618999y,Kitty
https://live.douyin.com/77649900792,77649900792,æ´›æ´›å¤§é­”ç‹ğŸ’ƒğŸ˜ˆ
https://live.douyin.com/777582587,777582587,SasaåŒå­¦ğŸ¹
https://live.douyin.com/78010447229,78010447229,æ¾„æ‡¿
https://live.douyin.com/78091791903,78091791903,æ±¤åœ†
https://live.douyin.com/78130712380,78130712380,å˜‰ç¥º
https://live.douyin.com/78229080424,78229080424,æˆ‘æ˜¯æ¢¦æ¢¦
https://live.douyin.com/78241855664,78241855664,å‘¨ç´¢ç´¢
https://live.douyin.com/78386482879,78386482879,ä¹–ä¹–å¤§åè›‹
https://live.douyin.com/78509977912,78509977912,æœˆå„¿ğŸ¦¢é’¢ç´
https://live.douyin.com/78585379935,78585379935,ç”œå´½(2_27ğŸ‚ç‰ˆ)
https://live.douyin.com/78729395232,78729395232,æ£ æ²¡äº†
https://live.douyin.com/78766188273,78766188273,èŒœèŒœbabyğŸ‘‘
https://live.douyin.com/78926330722,78926330722,é•¿ç¬›ç‘ç§‹
https://live.douyin.com/79048152394,79048152394,è´¦å·å·²æ³¨é”€
https://live.douyin.com/79091771970,79091771970,è´¦å·å·²æ³¨é”€
https://live.douyin.com/79689328777,79689328777,ç³–å¿ƒè›‹
https://live.douyin.com/79711599803,79711599803,è´¦å·å·²æ³¨é”€
https://live.douyin.com/79734515808,79734515808,ğŸ€Ruiè•ŠğŸ€
https://live.douyin.com/79918721929,79918721929,å¨œç¬”å°æ–°ğŸ½âœ¨
https://live.douyin.com/8_.7,8_.7,æœ¨mu
https://live.douyin.com/80370811141,80370811141,è°·ç²’ä¸æ˜¯é¼“åŠ±
https://live.douyin.com/805you,805you,æŸšæŸšcc
https://live.douyin.com/80506242144,80506242144,å°æ¸…ç¨ğŸŒ¾
https://live.douyin.com/80659458767,80659458767,èŠŠç›ˆğŸ’ƒ
https://live.douyin.com/80863625400,80863625400,å©‰å©‰ğŸ’¤
https://live.douyin.com/81278994532,81278994532,è¥¿ç±³Lu
https://live.douyin.com/81360228670,81360228670,ä»˜æ…§ç³Â¹Â¹Â²â°
https://live.douyin.com/8153247,8153247,æ€å¦ğŸ’ƒ
https://live.douyin.com/81666282,81666282,ç½—é›…ç†™
https://live.douyin.com/8181720,8181720,æ…§æ…§ğŸ’ƒ
https://live.douyin.com/82218553895,82218553895,æ˜¯äº‘ä¸æ˜¯äº‘
https://live.douyin.com/82446781982,82446781982,å…”å…”å¤´ğŸ°
https://live.douyin.com/82473808881,82473808881,é˜¿åšä¸˜ä¸˜
https://live.douyin.com/82491513235,82491513235,å®—è•Šzr
https://live.douyin.com/82597355,82597355,æ´¾å°æœˆ-
https://live.douyin.com/82797547,82797547,é‡‘å®ç‘
https://live.douyin.com/82917300405,82917300405,Dd
https://live.douyin.com/83672268343,83672268343,å—åˆÂ¹â°â¸
https://live.douyin.com/83733358831,83733358831,ğŸ¬å˜‰ä¸€_ä¸ƒåˆ†ç³–ğŸ¬
https://live.douyin.com/84045551852,84045551852,å®«å–œGiağŸ»
https://live.douyin.com/84144850187,84144850187,æ—ä¹å„¿ğŸ¹
https://live.douyin.com/84189426131,84189426131,ä¹”å‡¯å¸Œçš„ä»™å¥³æ£’ğŸ¶
https://live.douyin.com/84885624445,84885624445,å¼ ç§˜ä¹¦ğŸ«§
https://live.douyin.com/85023589499,85023589499,è´¦å·å·²æ³¨é”€
https://live.douyin.com/85039760582,85039760582,èˆè¿·è¿·(å®¶é‡Œæœ‰äº‹æ™šäº›æ’­
https://live.douyin.com/85115294884,85115294884,ç»µç¾ŠğŸ‘
https://live.douyin.com/85124232716,85124232716,é˜¿å½¤æœ¨
https://live.douyin.com/85241013393,85241013393,ç”¨æˆ·85241013393
https://live.douyin.com/85294170993,85294170993,é›¶å¡ç³–
https://live.douyin.com/85401881468,85401881468,ç”œå¾·è‰å¨œMiağŸ¦‹
https://live.douyin.com/85573537281,85573537281,å°å¤åŒå­¦ğŸ’
https://live.douyin.com/85842573691,85842573691,åˆéŸ³å¤§æç´
https://live.douyin.com/85945518435,85945518435,å¤©èœğŸ¥¦
https://live.douyin.com/86712841,86712841,1å—é»„æ²¹ğŸ§ˆ
https://live.douyin.com/87329062921,87329062921,ç™½ç³–ç³•ğŸ‡ğŸ§
https://live.douyin.com/87812405383,87812405383,å©´å„¿
https://live.douyin.com/87850012047,87850012047,ä¸€ä¸ªX
https://live.douyin.com/87984180430,87984180430,åäº”çš„ä¸€
https://live.douyin.com/88YY0718,88YY0718,å°8ä¹–ä¹–â·_Â¹_â¸
https://live.douyin.com/88337584438,88337584438,è¯ºè¯º
https://live.douyin.com/88516532061,88516532061,å¿˜å´½ç‰›å¥¶ï½
https://live.douyin.com/88539895209,88539895209,è‹¥ç³Pepper
https://live.douyin.com/8886327,8886327,å”å”ä¸åƒç³–
https://live.douyin.com/888888_lucky,888888_lucky,ç”œä¸è¾£è¾£ğŸ€
https://live.douyin.com/89247278669,89247278669,èˆè€…ä¸¹å¿ğŸ’ƒ
https://live.douyin.com/894319137i0u,894319137i0u,è±†åŒ…m
https://live.douyin.com/89772972429,89772972429,å°è•Šç‘¶(å¹´åå¤æ’­)
https://live.douyin.com/89941235835,89941235835,ææ‹‰ç§˜ä¹¦
https://live.douyin.com/9y_9,9y_9,ç–æœˆğŸŒ›
https://live.douyin.com/90591053299,90591053299,å°é›…YağŸ¹
https://live.douyin.com/90705024134,90705024134,å¤©æ‰ç¾å°‘å¥³ç’ƒ
https://live.douyin.com/90801887644,90801887644,bhuoc
https://live.douyin.com/90833481546,90833481546,äºŒèƒ¡ç¥ç¥
https://live.douyin.com/90991499100,90991499100,ç„¦ç³–
https://live.douyin.com/91126319729,91126319729,ç•¥ç•¥å¤§æç´ğŸ»
https://live.douyin.com/912040149,912040149,é™ˆè‹±
https://live.douyin.com/916215i,916215i,Oæ³¡æœå¥¶ï½
https://live.douyin.com/91647805277,91647805277,lizzieé‡Œé‡ŒğŸ™ï¸
https://live.douyin.com/91793600896,91793600896,ç‹èˆŸä¸€ğŸª·
https://live.douyin.com/91935366224,91935366224,æ€æ€ğŸ‡_â¹Â¹â´â´
https://live.douyin.com/91969134359,91969134359,æ— è¯­çš„èœæ±¤
https://live.douyin.com/92yangyang1314,92yangyang1314,æ™šå®‰å°ç¾ŠğŸ‘
https://live.douyin.com/92251499076,92251499076,æ´‹èŠ‹å…¬ä¸»
https://live.douyin.com/92531934450,92531934450,ä¸‡ä¼ŠğŸ¹ğŸ‘
https://live.douyin.com/931563537,931563537,å°å…ƒå®ğŸ’
https://live.douyin.com/93505305774,93505305774,å°å°¤æ¼«æ›²
https://live.douyin.com/93551168782,93551168782,è¾£æ¤’ğŸŒ¶ï¸
https://live.douyin.com/93570899958,93570899958,å¥¶èŒ¶å¦¹å¦¹â˜€ï¸
https://live.douyin.com/93960537894,93960537894,å–œåº†çš„æ¦¨èœ
https://live.douyin.com/94butong,94butong,94ä¸æ›ˆğŸ‰
https://live.douyin.com/94017030718,94017030718,åä¸€Iris
https://live.douyin.com/94282481492,94282481492,å¼ å“ˆå“ˆâ˜€ï¸
https://live.douyin.com/94464214334,94464214334,é‡‘ç›ä¸½
https://live.douyin.com/944946311,944946311,é˜¿è´å¤ç­(2_27ğŸ‚)
https://live.douyin.com/94640030,94640030,å°å¼ å”±æ­Œä¸è·‘è°ƒ
https://live.douyin.com/948066704,948066704,ç«¥å®_ğŸ“
https://live.douyin.com/94965990225,94965990225,æ¬§å°¼_å©‰
https://live.douyin.com/95025886754,95025886754,å¸•æ°æ°
https://live.douyin.com/95422848756,95422848756,è´¦å·å·²æ³¨é”€
https://live.douyin.com/95473581975,95473581975,æ›¼æ›¼ğŸ°
https://live.douyin.com/95675244669,95675244669,UU
https://live.douyin.com/9628781YY,9628781YY,è¡£ä¾U
https://live.douyin.com/96289008893,96289008893,å‘†å‘†ã€
https://live.douyin.com/96462924300,96462924300,æŸ¯å£å¯ç³¯
https://live.douyin.com/969291sss,969291sss,æ²¹ç‚¸QQç³–
https://live.douyin.com/97211388,97211388,æ€¡å®ğŸ¹
https://live.douyin.com/97312766983,97312766983,å¨œå¨œå­ğŸ¹
https://live.douyin.com/97442708906,97442708906,ğŸŒŠéŸ³å¸ŒSunnyâ˜€ï¸
https://live.douyin.com/97521326746,97521326746,ç¢ç¢å¿µ
https://live.douyin.com/97786000603,97786000603,è´¦å·å·²æ³¨é”€
https://live.douyin.com/98120225753,98120225753,å®‹ä¼Šæœâ˜€ï¸
https://live.douyin.com/98172246745,98172246745,ç¨‹å¸†ğŸŠå¤ç­
https://live.douyin.com/98278434753,98278434753,çˆ±ä¸ŠMia
https://live.douyin.com/98315526847,98315526847,é²¸è½ğŸ§šâ€â™€ï¸(å§å§æŸ’æŸ’âœ¨)
https://live.douyin.com/98601345310,98601345310,ç†¬å¤œæ‹œæ‹œ
https://live.douyin.com/98712592629,98712592629,å°å°ä¸å–å¯ä¹
https://live.douyin.com/98836637218,98836637218,è‹è‹çˆ±è·³èˆğŸ§šğŸ»â€â™€ï¸
https://live.douyin.com/98840791227,98840791227,åˆƒä¸‹å¿ƒ
https://live.douyin.com/988661528,988661528,ç§¦å©‰å¿ƒ
https://live.douyin.com/99xj9999,99xj9999,å°é‡‘å®âœ¨
https://live.douyin.com/99003669,99003669,å¥•ç‘¾â¹Â²Â¹_ğŸ¹
https://live.douyin.com/991491775,991491775,å¼¹å”±å®«å°å‘±ğŸ¸
https://live.douyin.com/999.1216,999.1216,é¾™ç’Ÿ2377
https://live.douyin.com/999999DD8,999999DD8,æ¸©æœµå„¿Duoâ€¢ğŸ€
